[{"fields": {"app_label": "admin", "model": "logentry"}, "pk": 1, "model": "contenttypes.contenttype"}, {"fields": {"app_label": "auth", "model": "permission"}, "pk": 2, "model": "contenttypes.contenttype"}, {"fields": {"app_label": "auth", "model": "group"}, "pk": 3, "model": "contenttypes.contenttype"}, {"fields": {"app_label": "auth", "model": "user"}, "pk": 4, "model": "contenttypes.contenttype"}, {"fields": {"app_label": "contenttypes", "model": "contenttype"}, "pk": 5, "model": "contenttypes.contenttype"}, {"fields": {"app_label": "sessions", "model": "session"}, "pk": 6, "model": "contenttypes.contenttype"}, {"fields": {"app_label": "fitapp", "model": "userfitbit"}, "pk": 7, "model": "contenttypes.contenttype"}, {"fields": {"app_label": "fitapp", "model": "timeseriesdatatype"}, "pk": 8, "model": "contenttypes.contenttype"}, {"fields": {"app_label": "fitapp", "model": "timeseriesdata"}, "pk": 9, "model": "contenttypes.contenttype"}, {"fields": {"app_label": "tracktivityPetsWebsite", "model": "inventory"}, "pk": 10, "model": "contenttypes.contenttype"}, {"fields": {"app_label": "tracktivityPetsWebsite", "model": "level"}, "pk": 11, "model": "contenttypes.contenttype"}, {"fields": {"app_label": "tracktivityPetsWebsite", "model": "pet"}, "pk": 12, "model": "contenttypes.contenttype"}, {"fields": {"app_label": "tracktivityPetsWebsite", "model": "collectedpet"}, "pk": 13, "model": "contenttypes.contenttype"}, {"fields": {"app_label": "tracktivityPetsWebsite", "model": "profile"}, "pk": 14, "model": "contenttypes.contenttype"}, {"fields": {"app_label": "tracktivityPetsWebsite", "model": "happiness"}, "pk": 15, "model": "contenttypes.contenttype"}, {"fields": {"app_label": "tracktivityPetsWebsite", "model": "experience"}, "pk": 16, "model": "contenttypes.contenttype"}, {"fields": {"app_label": "tracktivityPetsWebsite", "model": "mood"}, "pk": 17, "model": "contenttypes.contenttype"}, {"fields": {"app_label": "tracktivityPetsWebsite", "model": "phrase"}, "pk": 18, "model": "contenttypes.contenttype"}, {"fields": {"app_label": "tracktivityPetsWebsite", "model": "story"}, "pk": 19, "model": "contenttypes.contenttype"}, {"fields": {"session_data": "ODY5YzUxMWE2NGM4NDExM2VjNGM3NTM4MjA5YWU2YTg3N2RiNzMyMjp7fQ==", "expire_date": "2015-05-19T00:30:55.022Z"}, "pk": "341iryziuidlmj4mwfqeiz2716aoj0bi", "model": "sessions.session"}, {"fields": {"session_data": "ODY5YzUxMWE2NGM4NDExM2VjNGM3NTM4MjA5YWU2YTg3N2RiNzMyMjp7fQ==", "expire_date": "2015-05-19T00:38:26.499Z"}, "pk": "5daoc96nog012i5bn5ys2srtql28v2bx", "model": "sessions.session"}, {"fields": {"session_data": "OTY5MTVhYTUzNWZjNzczZGFkZDUzMTlkMmIzZjM1NDk4M2NmMGZiNzp7Il9hdXRoX3VzZXJfYmFja2VuZCI6ImRqYW5nby5jb250cmliLmF1dGguYmFja2VuZHMuTW9kZWxCYWNrZW5kIiwiZml0Yml0X3Byb2ZpbGUiOnsidXNlciI6eyJlbmNvZGVkSWQiOiIzOE5YREoiLCJhdmF0YXIxNTAiOiJodHRwOi8vd3d3LmZpdGJpdC5jb20vaW1hZ2VzL3Byb2ZpbGUvZGVmYXVsdFByb2ZpbGVfMTUwX2ZlbWFsZS5naWYiLCJoZWlnaHRVbml0IjoiTUVUUklDIiwibWVtYmVyU2luY2UiOiIyMDE1LTAzLTAzIiwic3RyaWRlTGVuZ3RoUnVubmluZyI6MzUuMDM5MzcwMDc4NzQwMTU2LCJkaXNwbGF5TmFtZSI6IkJyaWRnZXR0ZSIsImdsdWNvc2VVbml0IjoiZW5fVVMiLCJ0aW1lem9uZSI6IkF1c3RyYWxpYS9Ib2JhcnQiLCJzdHJpZGVMZW5ndGhXYWxraW5nIjoyNy4xNjUzNTQzMzA3MDg2NiwiZ2VuZGVyIjoiRkVNQUxFIiwiZnVsbE5hbWUiOiJCcmlkZ2V0dGUgS2FtaW5za2kiLCJ0b3BCYWRnZXMiOlt7ImRlc2NyaXB0aW9uIjoiMTUsMDAwIHN0ZXBzIGluIGEgZGF5IiwiYmFkZ2VUeXBlIjoiREFJTFlfU1RFUFMiLCJzaGFyZVRleHQiOiJJIHRvb2sgMTUsMDAwIHN0ZXBzIGFuZCBlYXJuZWQgdGhlIFVyYmFuIEJvb3QgYmFkZ2UhICNGaXRiaXQiLCJlbmNvZGVkSWQiOiIyMjhUTUsiLCJpbWFnZTUwcHgiOiJodHRwOi8vc3RhdGljMC5maXRiaXQuY29tL2ltYWdlcy9iYWRnZXNfbmV3L2JhZGdlX2RhaWx5X3N0ZXBzMTVrLnBuZyIsIm5hbWUiOiJVcmJhbiBCb290ICgxNSwwMDAgc3RlcHMgaW4gYSBkYXkpIiwiaW1hZ2UxMjVweCI6Imh0dHA6Ly9zdGF0aWMwLmZpdGJpdC5jb20vaW1hZ2VzL2JhZGdlc19uZXcvMTI1cHgvYmFkZ2VfZGFpbHlfc3RlcHMxNWsucG5nIiwic2hvcnROYW1lIjoiVXJiYW4gQm9vdCIsImRhdGVUaW1lIjoiMjAxNS0wMy0yMiIsInZhbHVlIjoxNTAwMCwiY2hlZXJzIjpbXSwiYmFkZ2VHcmFkaWVudEVuZENvbG9yIjoiMDBEM0Q2IiwiaW1hZ2U3NXB4IjoiaHR0cDovL3N0YXRpYzAuZml0Yml0LmNvbS9pbWFnZXMvYmFkZ2VzX25ldy83NXB4L2JhZGdlX2RhaWx5X3N0ZXBzMTVrLnBuZyIsIm1vYmlsZURlc2NyaXB0aW9uIjoiV2l0aCBhIG51bWJlciB0aGF0J3MgYWxtb3N0IHRocmVlIHRpbWVzIG1vcmUgdGhhbiB0aGUgbmF0aW9uYWwgYXZlcmFnZSwgeW91ciBzdGVwIGNvdW50IGlzIHJlYWxseSBoZWF0aW5nIHVwLiIsImNhdGVnb3J5IjoiRGFpbHkgU3RlcHMiLCJ0aW1lc0FjaGlldmVkIjoxLCJzaG9ydERlc2NyaXB0aW9uIjoiMTUsMDAwIHN0ZXBzIiwiZWFybmVkTWVzc2FnZSI6IkNvbmdyYXRzIG9uIGVhcm5pbmcgeW91ciBmaXJzdCBVcmJhbiBCb290IGJhZGdlISIsImltYWdlMTAwcHgiOiJodHRwOi8vc3RhdGljMC5maXRiaXQuY29tL2ltYWdlcy9iYWRnZXNfbmV3LzEwMHB4L2JhZGdlX2RhaWx5X3N0ZXBzMTVrLnBuZyIsImJhZGdlR3JhZGllbnRTdGFydENvbG9yIjoiMDA3MjczIiwiaW1hZ2UzMDBweCI6Imh0dHA6Ly9zdGF0aWMwLmZpdGJpdC5jb20vaW1hZ2VzL2JhZGdlc19uZXcvMzAwcHgvYmFkZ2VfZGFpbHlfc3RlcHMxNWsucG5nIiwic2hhcmVJbWFnZTY0MHB4IjoiaHR0cDovL3N0YXRpYzAuZml0Yml0LmNvbS9pbWFnZXMvYmFkZ2VzX25ldy8zODZweC9zaGFyZUxvY2FsaXplZC9lbl9VUy9iYWRnZV9kYWlseV9zdGVwczE1ay5wbmciLCJtYXJrZXRpbmdEZXNjcmlwdGlvbiI6IllvdSd2ZSB3YWxrZWQgMTUsMDAwIHN0ZXBzICBBbmQgZWFybmVkIHRoZSBVcmJhbiBCb290IGJhZGdlISJ9LHsiZGVzY3JpcHRpb24iOiI0MDIgbGlmZXRpbWUga2lsb21ldGVycyIsImJhZGdlVHlwZSI6IkxJRkVUSU1FX0RJU1RBTkNFIiwic2hhcmVUZXh0IjoiSSBjb3ZlcmVkIDQwMiBraWxvbWV0ZXJzIHdpdGggbXkgI0ZpdGJpdCBhbmQgZWFybmVkIHRoZSBMb25kb24gVW5kZXJncm91bmQgYmFkZ2UuIiwiZW5jb2RlZElkIjoiMjJCOExWIiwiaW1hZ2U1MHB4IjoiaHR0cDovL3N0YXRpYzAuZml0Yml0LmNvbS9pbWFnZXMvYmFkZ2VzX25ldy9iYWRnZV9saWZldGltZV9taWxlczI1MC5wbmciLCJuYW1lIjoiTG9uZG9uIFVuZGVyZ3JvdW5kICg0MDIgbGlmZXRpbWUga2lsb21ldGVycykiLCJpbWFnZTEyNXB4IjoiaHR0cDovL3N0YXRpYzAuZml0Yml0LmNvbS9pbWFnZXMvYmFkZ2VzX25ldy8xMjVweC9iYWRnZV9saWZldGltZV9taWxlczI1MC5wbmciLCJzaG9ydE5hbWUiOiJMb25kb24gVW5kZXJncm91bmQiLCJkYXRlVGltZSI6IjIwMTUtMDUtMDciLCJ2YWx1ZSI6NDAyLCJjaGVlcnMiOltdLCJiYWRnZUdyYWRpZW50RW5kQ29sb3IiOiIwMEEwRTUiLCJpbWFnZTc1cHgiOiJodHRwOi8vc3RhdGljMC5maXRiaXQuY29tL2ltYWdlcy9iYWRnZXNfbmV3Lzc1cHgvYmFkZ2VfbGlmZXRpbWVfbWlsZXMyNTAucG5nIiwibW9iaWxlRGVzY3JpcHRpb24iOiJZb3UndmUgd2Fsa2VkIHRoZSBsZW5ndGggb2YgdGhlIHdvcmxkJ3MgZmlyc3QgdW5kZXJncm91bmQgcmFpbHdheSBhbmQgYXJlIGxheWluZyB0aGUgdHJhY2tzIGZvciBzb21lIGJpZyB0aGluZ3MgaW4gdGhlIGZ1dHVyZS4iLCJjYXRlZ29yeSI6IkxpZmV0aW1lIERpc3RhbmNlIiwidGltZXNBY2hpZXZlZCI6MSwic2hvcnREZXNjcmlwdGlvbiI6IjQwMiBraWxvbWV0ZXJzIiwiZWFybmVkTWVzc2FnZSI6Ildob2EhIFlvdSd2ZSBlYXJuZWQgdGhlIExvbmRvbiBVbmRlcmdyb3VuZCBiYWRnZSEiLCJpbWFnZTEwMHB4IjoiaHR0cDovL3N0YXRpYzAuZml0Yml0LmNvbS9pbWFnZXMvYmFkZ2VzX25ldy8xMDBweC9iYWRnZV9saWZldGltZV9taWxlczI1MC5wbmciLCJiYWRnZUdyYWRpZW50U3RhcnRDb2xvciI6IjAwNTZBMyIsImltYWdlMzAwcHgiOiJodHRwOi8vc3RhdGljMC5maXRiaXQuY29tL2ltYWdlcy9iYWRnZXNfbmV3LzMwMHB4L2JhZGdlX2xpZmV0aW1lX21pbGVzMjUwLnBuZyIsInVuaXQiOiJLSUxPTUVURVJTIiwic2hhcmVJbWFnZTY0MHB4IjoiaHR0cDovL3N0YXRpYzAuZml0Yml0LmNvbS9pbWFnZXMvYmFkZ2VzX25ldy8zODZweC9zaGFyZUxvY2FsaXplZC9lbl9VUy9iYWRnZV9saWZldGltZV9taWxlczI1MC5wbmciLCJtYXJrZXRpbmdEZXNjcmlwdGlvbiI6IkJ5IHJlYWNoaW5nIDQwMiBsaWZldGltZSBraWxvbWV0ZXJzLCB5b3UndmUgZWFybmVkIHRoZSBUdWJlIGJhZGdlISJ9XSwiaGVpZ2h0Ijo2NS43NDgwMzE0OTYwNjI5OSwiYWdlIjoyMCwid2F0ZXJVbml0TmFtZSI6Im1sIiwiZGF0ZU9mQmlydGgiOiIxOTk0LTA2LTI3IiwiYXZhdGFyIjoiaHR0cDovL3d3dy5maXRiaXQuY29tL2ltYWdlcy9wcm9maWxlL2RlZmF1bHRQcm9maWxlXzEwMF9mZW1hbGUuZ2lmIiwibG9jYWxlIjoiZW5fQVUiLCJ3ZWlnaHRVbml0IjoiTUVUUklDIiwiZm9vZHNMb2NhbGUiOiJlbl9VUyIsImRpc3RhbmNlVW5pdCI6Ik1FVFJJQyIsIm9mZnNldEZyb21VVENNaWxsaXMiOjM2MDAwMDAwLCJ3ZWlnaHQiOjE0OS45LCJzdGFydERheU9mV2VlayI6Ik1PTkRBWSIsIndhdGVyVW5pdCI6Ik1FVFJJQyJ9fSwiX2F1dGhfdXNlcl9pZCI6IjMiLCJfYXV0aF91c2VyX2hhc2giOiIxN2VkOTUwZDA5NjkyZmI0NDJmMzM0ZTJhMTdlZjY2YTBiYzkwOGUxIn0=", "expire_date": "2015-05-24T12:05:34.266Z"}, "pk": "7oqcuw693aqatls485gpkkk2h09lv2mq", "model": "sessions.session"}, {"fields": {"session_data": "ODY5YzUxMWE2NGM4NDExM2VjNGM3NTM4MjA5YWU2YTg3N2RiNzMyMjp7fQ==", "expire_date": "2015-05-19T00:36:38.886Z"}, "pk": "c3abidjyykzsyp7h8qgx3wnkhvrr9vh1", "model": "sessions.session"}, {"fields": {"session_data": "OTVkY2JkMThhMTYyNzBkNWFmM2RhOWYxMzlkMzU1MTc2ZWNmZjBjODp7Il9hdXRoX3VzZXJfaGFzaCI6ImUyZTFlYjEzZTNiMmVlNDE5NDIzODdkYzc5ZjMwYjkwNDQ1NTAzYTUiLCJfYXV0aF91c2VyX2JhY2tlbmQiOiJkamFuZ28uY29udHJpYi5hdXRoLmJhY2tlbmRzLk1vZGVsQmFja2VuZCIsIl9hdXRoX3VzZXJfaWQiOiIxIn0=", "expire_date": "2015-05-15T08:23:47.696Z"}, "pk": "g58zez3s00qs6v7c6xcr1hl0vicpx48u", "model": "sessions.session"}, {"fields": {"session_data": "MTUxNWE3MTNlMTAzZDNhM2U4NDE1YTE3MDVjMGMzODE3NTZlZDM2Mjp7Il9hdXRoX3VzZXJfaGFzaCI6IjE3ZWQ5NTBkMDk2OTJmYjQ0MmYzMzRlMmExN2VmNjZhMGJjOTA4ZTEiLCJfYXV0aF91c2VyX2lkIjoiMyIsIl9hdXRoX3VzZXJfYmFja2VuZCI6ImRqYW5nby5jb250cmliLmF1dGguYmFja2VuZHMuTW9kZWxCYWNrZW5kIiwiZml0Yml0X3Byb2ZpbGUiOnsidXNlciI6eyJ3YXRlclVuaXQiOiJNRVRSSUMiLCJhZ2UiOjIwLCJ3ZWlnaHQiOjE0OS45LCJlbmNvZGVkSWQiOiIzOE5YREoiLCJmdWxsTmFtZSI6IkJyaWRnZXR0ZSBLYW1pbnNraSIsInRpbWV6b25lIjoiQXVzdHJhbGlhL0hvYmFydCIsImdsdWNvc2VVbml0IjoiZW5fVVMiLCJzdHJpZGVMZW5ndGhSdW5uaW5nIjozNS4wMzkzNzAwNzg3NDAxNTYsIm9mZnNldEZyb21VVENNaWxsaXMiOjM2MDAwMDAwLCJzdHJpZGVMZW5ndGhXYWxraW5nIjoyNy4xNjUzNTQzMzA3MDg2NiwiZGlzcGxheU5hbWUiOiJCcmlkZ2V0dGUiLCJmb29kc0xvY2FsZSI6ImVuX1VTIiwibG9jYWxlIjoiZW5fQVUiLCJhdmF0YXIxNTAiOiJodHRwOi8vd3d3LmZpdGJpdC5jb20vaW1hZ2VzL3Byb2ZpbGUvZGVmYXVsdFByb2ZpbGVfMTUwX2ZlbWFsZS5naWYiLCJ3YXRlclVuaXROYW1lIjoibWwiLCJhdmF0YXIiOiJodHRwOi8vd3d3LmZpdGJpdC5jb20vaW1hZ2VzL3Byb2ZpbGUvZGVmYXVsdFByb2ZpbGVfMTAwX2ZlbWFsZS5naWYiLCJoZWlnaHQiOjY1Ljc0ODAzMTQ5NjA2Mjk5LCJ0b3BCYWRnZXMiOlt7ImJhZGdlVHlwZSI6IkRBSUxZX1NURVBTIiwidmFsdWUiOjE1MDAwLCJlbmNvZGVkSWQiOiIyMjhUTUsiLCJzaGFyZVRleHQiOiJJIHRvb2sgMTUsMDAwIHN0ZXBzIGFuZCBlYXJuZWQgdGhlIFVyYmFuIEJvb3QgYmFkZ2UhICNGaXRiaXQiLCJjYXRlZ29yeSI6IkRhaWx5IFN0ZXBzIiwiaW1hZ2UxMDBweCI6Imh0dHA6Ly9zdGF0aWMwLmZpdGJpdC5jb20vaW1hZ2VzL2JhZGdlc19uZXcvMTAwcHgvYmFkZ2VfZGFpbHlfc3RlcHMxNWsucG5nIiwiaW1hZ2UzMDBweCI6Imh0dHA6Ly9zdGF0aWMwLmZpdGJpdC5jb20vaW1hZ2VzL2JhZGdlc19uZXcvMzAwcHgvYmFkZ2VfZGFpbHlfc3RlcHMxNWsucG5nIiwiZGVzY3JpcHRpb24iOiIxNSwwMDAgc3RlcHMgaW4gYSBkYXkiLCJkYXRlVGltZSI6IjIwMTUtMDMtMjIiLCJuYW1lIjoiVXJiYW4gQm9vdCAoMTUsMDAwIHN0ZXBzIGluIGEgZGF5KSIsImltYWdlMTI1cHgiOiJodHRwOi8vc3RhdGljMC5maXRiaXQuY29tL2ltYWdlcy9iYWRnZXNfbmV3LzEyNXB4L2JhZGdlX2RhaWx5X3N0ZXBzMTVrLnBuZyIsImNoZWVycyI6W10sIm1hcmtldGluZ0Rlc2NyaXB0aW9uIjoiWW91J3ZlIHdhbGtlZCAxNSwwMDAgc3RlcHMgIEFuZCBlYXJuZWQgdGhlIFVyYmFuIEJvb3QgYmFkZ2UhIiwidGltZXNBY2hpZXZlZCI6MSwic2hhcmVJbWFnZTY0MHB4IjoiaHR0cDovL3N0YXRpYzAuZml0Yml0LmNvbS9pbWFnZXMvYmFkZ2VzX25ldy8zODZweC9zaGFyZUxvY2FsaXplZC9lbl9VUy9iYWRnZV9kYWlseV9zdGVwczE1ay5wbmciLCJtb2JpbGVEZXNjcmlwdGlvbiI6IldpdGggYSBudW1iZXIgdGhhdCdzIGFsbW9zdCB0aHJlZSB0aW1lcyBtb3JlIHRoYW4gdGhlIG5hdGlvbmFsIGF2ZXJhZ2UsIHlvdXIgc3RlcCBjb3VudCBpcyByZWFsbHkgaGVhdGluZyB1cC4iLCJiYWRnZUdyYWRpZW50U3RhcnRDb2xvciI6IjAwNzI3MyIsImVhcm5lZE1lc3NhZ2UiOiJDb25ncmF0cyBvbiBlYXJuaW5nIHlvdXIgZmlyc3QgVXJiYW4gQm9vdCBiYWRnZSEiLCJpbWFnZTc1cHgiOiJodHRwOi8vc3RhdGljMC5maXRiaXQuY29tL2ltYWdlcy9iYWRnZXNfbmV3Lzc1cHgvYmFkZ2VfZGFpbHlfc3RlcHMxNWsucG5nIiwiaW1hZ2U1MHB4IjoiaHR0cDovL3N0YXRpYzAuZml0Yml0LmNvbS9pbWFnZXMvYmFkZ2VzX25ldy9iYWRnZV9kYWlseV9zdGVwczE1ay5wbmciLCJzaG9ydE5hbWUiOiJVcmJhbiBCb290IiwiYmFkZ2VHcmFkaWVudEVuZENvbG9yIjoiMDBEM0Q2Iiwic2hvcnREZXNjcmlwdGlvbiI6IjE1LDAwMCBzdGVwcyJ9LHsidW5pdCI6IktJTE9NRVRFUlMiLCJiYWRnZVR5cGUiOiJMSUZFVElNRV9ESVNUQU5DRSIsInZhbHVlIjoxMTIsImVuY29kZWRJZCI6IjIyQjhMUCIsInNoYXJlVGV4dCI6IkkgY292ZXJlZCAxMTIga2lsb21ldGVycyB3aXRoIG15ICNGaXRiaXQgYW5kIGVhcm5lZCB0aGUgUGVuZ3VpbiBNYXJjaCBiYWRnZS4iLCJjYXRlZ29yeSI6IkxpZmV0aW1lIERpc3RhbmNlIiwiaW1hZ2UxMDBweCI6Imh0dHA6Ly9zdGF0aWMwLmZpdGJpdC5jb20vaW1hZ2VzL2JhZGdlc19uZXcvMTAwcHgvYmFkZ2VfbGlmZXRpbWVfbWlsZXM3MC5wbmciLCJpbWFnZTMwMHB4IjoiaHR0cDovL3N0YXRpYzAuZml0Yml0LmNvbS9pbWFnZXMvYmFkZ2VzX25ldy8zMDBweC9iYWRnZV9saWZldGltZV9taWxlczcwLnBuZyIsImRlc2NyaXB0aW9uIjoiMTEyIGxpZmV0aW1lIGtpbG9tZXRlcnMiLCJkYXRlVGltZSI6IjIwMTUtMDMtMTgiLCJuYW1lIjoiUGVuZ3VpbiBNYXJjaCAoMTEyIGxpZmV0aW1lIGtpbG9tZXRlcnMpIiwiaW1hZ2UxMjVweCI6Imh0dHA6Ly9zdGF0aWMwLmZpdGJpdC5jb20vaW1hZ2VzL2JhZGdlc19uZXcvMTI1cHgvYmFkZ2VfbGlmZXRpbWVfbWlsZXM3MC5wbmciLCJjaGVlcnMiOltdLCJtYXJrZXRpbmdEZXNjcmlwdGlvbiI6IkJ5IHJlYWNoaW5nIDExMiBsaWZldGltZSBraWxvbWV0ZXJzLCB5b3UndmUgZWFybmVkIHRoZSBQZW5ndWluIE1hcmNoIGJhZGdlISIsInRpbWVzQWNoaWV2ZWQiOjEsInNoYXJlSW1hZ2U2NDBweCI6Imh0dHA6Ly9zdGF0aWMwLmZpdGJpdC5jb20vaW1hZ2VzL2JhZGdlc19uZXcvMzg2cHgvc2hhcmVMb2NhbGl6ZWQvZW5fVVMvYmFkZ2VfbGlmZXRpbWVfbWlsZXM3MC5wbmciLCJtb2JpbGVEZXNjcmlwdGlvbiI6IllvdSBtYXRjaGVkIHRoZSBkaXN0YW5jZSBvZiB0aGUgTWFyY2ggb2YgdGhlIFBlbmd1aW5zXHUyMDE0dGhlIGFubnVhbCB0cmlwIGVtcGVyb3IgcGVuZ3VpbnMgbWFrZSB0byB0aGVpciBicmVlZGluZyBncm91bmRzLiIsImJhZGdlR3JhZGllbnRTdGFydENvbG9yIjoiMkRCNEQ3IiwiZWFybmVkTWVzc2FnZSI6Ildob2EhIFlvdSd2ZSBlYXJuZWQgdGhlIFBlbmd1aW4gTWFyY2ggYmFkZ2UhIiwiaW1hZ2U3NXB4IjoiaHR0cDovL3N0YXRpYzAuZml0Yml0LmNvbS9pbWFnZXMvYmFkZ2VzX25ldy83NXB4L2JhZGdlX2xpZmV0aW1lX21pbGVzNzAucG5nIiwiaW1hZ2U1MHB4IjoiaHR0cDovL3N0YXRpYzAuZml0Yml0LmNvbS9pbWFnZXMvYmFkZ2VzX25ldy9iYWRnZV9saWZldGltZV9taWxlczcwLnBuZyIsInNob3J0TmFtZSI6IlBlbmd1aW4gTWFyY2giLCJiYWRnZUdyYWRpZW50RW5kQ29sb3IiOiIzOEQ3RkYiLCJzaG9ydERlc2NyaXB0aW9uIjoiMTEyIGtpbG9tZXRlcnMifV0sIm1lbWJlclNpbmNlIjoiMjAxNS0wMy0wMyIsInN0YXJ0RGF5T2ZXZWVrIjoiTU9OREFZIiwiZGlzdGFuY2VVbml0IjoiTUVUUklDIiwiZ2VuZGVyIjoiRkVNQUxFIiwiaGVpZ2h0VW5pdCI6Ik1FVFJJQyIsImRhdGVPZkJpcnRoIjoiMTk5NC0wNi0yNyIsIndlaWdodFVuaXQiOiJNRVRSSUMifX19", "expire_date": "2015-05-20T06:56:56.252Z"}, "pk": "h0shb3zf1gocmeitk0za3obwrv1znd43", "model": "sessions.session"}, {"fields": {"session_data": "ODY5YzUxMWE2NGM4NDExM2VjNGM3NTM4MjA5YWU2YTg3N2RiNzMyMjp7fQ==", "expire_date": "2015-05-19T00:37:58.655Z"}, "pk": "jfgtjp8hrjmw70gfup3ts9740w0o9f2z", "model": "sessions.session"}, {"fields": {"session_data": "MWFkZDczNTM5N2E1YzljOTMwMjZlZjE3ZDNmMzcxNzE3M2FlZTFkMTp7ImZpdGJpdF9wcm9maWxlIjp7InVzZXIiOnsiZ2VuZGVyIjoiRkVNQUxFIiwic3RyaWRlTGVuZ3RoUnVubmluZyI6MzUuMDM5MzcwMDc4NzQwMTU2LCJhdmF0YXIxNTAiOiJodHRwOi8vd3d3LmZpdGJpdC5jb20vaW1hZ2VzL3Byb2ZpbGUvZGVmYXVsdFByb2ZpbGVfMTUwX2ZlbWFsZS5naWYiLCJkaXNwbGF5TmFtZSI6IkJyaWRnZXR0ZSIsImRpc3RhbmNlVW5pdCI6Ik1FVFJJQyIsImdsdWNvc2VVbml0IjoiZW5fVVMiLCJkYXRlT2ZCaXJ0aCI6IjE5OTQtMDYtMjciLCJoZWlnaHRVbml0IjoiTUVUUklDIiwibWVtYmVyU2luY2UiOiIyMDE1LTAzLTAzIiwid2F0ZXJVbml0TmFtZSI6Im1sIiwib2Zmc2V0RnJvbVVUQ01pbGxpcyI6MzYwMDAwMDAsImVuY29kZWRJZCI6IjM4TlhESiIsInN0cmlkZUxlbmd0aFdhbGtpbmciOjI3LjE2NTM1NDMzMDcwODY2LCJmb29kc0xvY2FsZSI6ImVuX1VTIiwid2VpZ2h0IjoxNDkuOSwidGltZXpvbmUiOiJBdXN0cmFsaWEvSG9iYXJ0IiwiYWdlIjoyMCwiaGVpZ2h0Ijo2NS43NDgwMzE0OTYwNjI5OSwiZnVsbE5hbWUiOiJCcmlkZ2V0dGUgS2FtaW5za2kiLCJsb2NhbGUiOiJlbl9BVSIsIndlaWdodFVuaXQiOiJNRVRSSUMiLCJ0b3BCYWRnZXMiOlt7ImNhdGVnb3J5IjoiRGFpbHkgU3RlcHMiLCJkZXNjcmlwdGlvbiI6IjE1LDAwMCBzdGVwcyBpbiBhIGRheSIsInNob3J0TmFtZSI6IlVyYmFuIEJvb3QiLCJpbWFnZTUwcHgiOiJodHRwOi8vc3RhdGljMC5maXRiaXQuY29tL2ltYWdlcy9iYWRnZXNfbmV3L2JhZGdlX2RhaWx5X3N0ZXBzMTVrLnBuZyIsImJhZGdlR3JhZGllbnRTdGFydENvbG9yIjoiMDA3MjczIiwibW9iaWxlRGVzY3JpcHRpb24iOiJXaXRoIGEgbnVtYmVyIHRoYXQncyBhbG1vc3QgdGhyZWUgdGltZXMgbW9yZSB0aGFuIHRoZSBuYXRpb25hbCBhdmVyYWdlLCB5b3VyIHN0ZXAgY291bnQgaXMgcmVhbGx5IGhlYXRpbmcgdXAuIiwiYmFkZ2VUeXBlIjoiREFJTFlfU1RFUFMiLCJpbWFnZTEwMHB4IjoiaHR0cDovL3N0YXRpYzAuZml0Yml0LmNvbS9pbWFnZXMvYmFkZ2VzX25ldy8xMDBweC9iYWRnZV9kYWlseV9zdGVwczE1ay5wbmciLCJlbmNvZGVkSWQiOiIyMjhUTUsiLCJ0aW1lc0FjaGlldmVkIjoxLCJ2YWx1ZSI6MTUwMDAsIm5hbWUiOiJVcmJhbiBCb290ICgxNSwwMDAgc3RlcHMgaW4gYSBkYXkpIiwic2hvcnREZXNjcmlwdGlvbiI6IjE1LDAwMCBzdGVwcyIsImltYWdlMzAwcHgiOiJodHRwOi8vc3RhdGljMC5maXRiaXQuY29tL2ltYWdlcy9iYWRnZXNfbmV3LzMwMHB4L2JhZGdlX2RhaWx5X3N0ZXBzMTVrLnBuZyIsInNoYXJlVGV4dCI6IkkgdG9vayAxNSwwMDAgc3RlcHMgYW5kIGVhcm5lZCB0aGUgVXJiYW4gQm9vdCBiYWRnZSEgI0ZpdGJpdCIsIm1hcmtldGluZ0Rlc2NyaXB0aW9uIjoiWW91J3ZlIHdhbGtlZCAxNSwwMDAgc3RlcHMgIEFuZCBlYXJuZWQgdGhlIFVyYmFuIEJvb3QgYmFkZ2UhIiwiaW1hZ2U3NXB4IjoiaHR0cDovL3N0YXRpYzAuZml0Yml0LmNvbS9pbWFnZXMvYmFkZ2VzX25ldy83NXB4L2JhZGdlX2RhaWx5X3N0ZXBzMTVrLnBuZyIsImltYWdlMTI1cHgiOiJodHRwOi8vc3RhdGljMC5maXRiaXQuY29tL2ltYWdlcy9iYWRnZXNfbmV3LzEyNXB4L2JhZGdlX2RhaWx5X3N0ZXBzMTVrLnBuZyIsImRhdGVUaW1lIjoiMjAxNS0wMy0yMiIsImNoZWVycyI6W10sImVhcm5lZE1lc3NhZ2UiOiJDb25ncmF0cyBvbiBlYXJuaW5nIHlvdXIgZmlyc3QgVXJiYW4gQm9vdCBiYWRnZSEiLCJiYWRnZUdyYWRpZW50RW5kQ29sb3IiOiIwMEQzRDYiLCJzaGFyZUltYWdlNjQwcHgiOiJodHRwOi8vc3RhdGljMC5maXRiaXQuY29tL2ltYWdlcy9iYWRnZXNfbmV3LzM4NnB4L3NoYXJlL2JhZGdlX2RhaWx5X3N0ZXBzMTVrLnBuZyJ9LHsiY2F0ZWdvcnkiOiJMaWZldGltZSBEaXN0YW5jZSIsImRlc2NyaXB0aW9uIjoiMTEyIGxpZmV0aW1lIGtpbG9tZXRlcnMiLCJzaG9ydE5hbWUiOiJQZW5ndWluIE1hcmNoIiwiaW1hZ2U1MHB4IjoiaHR0cDovL3N0YXRpYzAuZml0Yml0LmNvbS9pbWFnZXMvYmFkZ2VzX25ldy9iYWRnZV9saWZldGltZV9taWxlczcwLnBuZyIsImJhZGdlR3JhZGllbnRTdGFydENvbG9yIjoiMkRCNEQ3IiwibW9iaWxlRGVzY3JpcHRpb24iOiJZb3UgbWF0Y2hlZCB0aGUgZGlzdGFuY2Ugb2YgdGhlIE1hcmNoIG9mIHRoZSBQZW5ndWluc1x1MjAxNHRoZSBhbm51YWwgdHJpcCBlbXBlcm9yIHBlbmd1aW5zIG1ha2UgdG8gdGhlaXIgYnJlZWRpbmcgZ3JvdW5kcy4iLCJiYWRnZVR5cGUiOiJMSUZFVElNRV9ESVNUQU5DRSIsImltYWdlMTAwcHgiOiJodHRwOi8vc3RhdGljMC5maXRiaXQuY29tL2ltYWdlcy9iYWRnZXNfbmV3LzEwMHB4L2JhZGdlX2xpZmV0aW1lX21pbGVzNzAucG5nIiwiZW5jb2RlZElkIjoiMjJCOExQIiwidGltZXNBY2hpZXZlZCI6MSwidmFsdWUiOjExMiwibmFtZSI6IlBlbmd1aW4gTWFyY2ggKDExMiBsaWZldGltZSBraWxvbWV0ZXJzKSIsInNob3J0RGVzY3JpcHRpb24iOiIxMTIga2lsb21ldGVycyIsImltYWdlMzAwcHgiOiJodHRwOi8vc3RhdGljMC5maXRiaXQuY29tL2ltYWdlcy9iYWRnZXNfbmV3LzMwMHB4L2JhZGdlX2xpZmV0aW1lX21pbGVzNzAucG5nIiwic2hhcmVUZXh0IjoiSSBjb3ZlcmVkIDExMiBraWxvbWV0ZXJzIHdpdGggbXkgI0ZpdGJpdCBhbmQgZWFybmVkIHRoZSBQZW5ndWluIE1hcmNoIGJhZGdlLiIsIm1hcmtldGluZ0Rlc2NyaXB0aW9uIjoiQnkgcmVhY2hpbmcgMTEyIGxpZmV0aW1lIGtpbG9tZXRlcnMsIHlvdSd2ZSBlYXJuZWQgdGhlIFBlbmd1aW4gTWFyY2ggYmFkZ2UhIiwiaW1hZ2U3NXB4IjoiaHR0cDovL3N0YXRpYzAuZml0Yml0LmNvbS9pbWFnZXMvYmFkZ2VzX25ldy83NXB4L2JhZGdlX2xpZmV0aW1lX21pbGVzNzAucG5nIiwiaW1hZ2UxMjVweCI6Imh0dHA6Ly9zdGF0aWMwLmZpdGJpdC5jb20vaW1hZ2VzL2JhZGdlc19uZXcvMTI1cHgvYmFkZ2VfbGlmZXRpbWVfbWlsZXM3MC5wbmciLCJkYXRlVGltZSI6IjIwMTUtMDMtMTgiLCJjaGVlcnMiOltdLCJlYXJuZWRNZXNzYWdlIjoiV2hvYSEgWW91J3ZlIGVhcm5lZCB0aGUgUGVuZ3VpbiBNYXJjaCBiYWRnZSEiLCJiYWRnZUdyYWRpZW50RW5kQ29sb3IiOiIzOEQ3RkYiLCJ1bml0IjoiS0lMT01FVEVSUyIsInNoYXJlSW1hZ2U2NDBweCI6Imh0dHA6Ly9zdGF0aWMwLmZpdGJpdC5jb20vaW1hZ2VzL2JhZGdlc19uZXcvMzg2cHgvc2hhcmUvYmFkZ2VfbGlmZXRpbWVfbWlsZXM3MC5wbmcifV0sImF2YXRhciI6Imh0dHA6Ly93d3cuZml0Yml0LmNvbS9pbWFnZXMvcHJvZmlsZS9kZWZhdWx0UHJvZmlsZV8xMDBfZmVtYWxlLmdpZiIsIndhdGVyVW5pdCI6Ik1FVFJJQyIsInN0YXJ0RGF5T2ZXZWVrIjoiTU9OREFZIn19LCJfYXV0aF91c2VyX2JhY2tlbmQiOiJkamFuZ28uY29udHJpYi5hdXRoLmJhY2tlbmRzLk1vZGVsQmFja2VuZCIsIl9hdXRoX3VzZXJfaWQiOiIzIiwiX2F1dGhfdXNlcl9oYXNoIjoiMTdlZDk1MGQwOTY5MmZiNDQyZjMzNGUyYTE3ZWY2NmEwYmM5MDhlMSJ9", "expire_date": "2015-05-19T07:20:03.895Z"}, "pk": "jijod8t91bxdzk7cakyin1keoip79r2l", "model": "sessions.session"}, {"fields": {"session_data": "NjVhOGFlMTgyZjU3ODZiZmYxNjhiZmRjOGJlM2JjMzdhODk5MWY5Nzp7Il9hdXRoX3VzZXJfaWQiOiIyIiwiX2F1dGhfdXNlcl9oYXNoIjoiYzFjYzZiN2JiZjk2N2E5ZTJjZGFmNGU5ZDM0YWRhYzA0NzI4MmY2MyIsIl9hdXRoX3VzZXJfYmFja2VuZCI6ImRqYW5nby5jb250cmliLmF1dGguYmFja2VuZHMuTW9kZWxCYWNrZW5kIn0=", "expire_date": "2015-05-22T03:32:30.272Z"}, "pk": "k17wemr6frlaes6664lbbqilxfayvnet", "model": "sessions.session"}, {"fields": {"session_data": "NTUyYjRlMTc3NTIyOWRkMjM4MjM4ZDc3NTViYzViM2JmMWY0NDM1Yjp7Il9hdXRoX3VzZXJfaWQiOiIzIiwiX2F1dGhfdXNlcl9oYXNoIjoiMTdlZDk1MGQwOTY5MmZiNDQyZjMzNGUyYTE3ZWY2NmEwYmM5MDhlMSIsIl9hdXRoX3VzZXJfYmFja2VuZCI6ImRqYW5nby5jb250cmliLmF1dGguYmFja2VuZHMuTW9kZWxCYWNrZW5kIiwiZml0Yml0X3Byb2ZpbGUiOnsidXNlciI6eyJnbHVjb3NlVW5pdCI6ImVuX1VTIiwiZm9vZHNMb2NhbGUiOiJlbl9VUyIsImhlaWdodCI6NjUuNzQ4MDMxNDk2MDYyOTksImdlbmRlciI6IkZFTUFMRSIsImF2YXRhcjE1MCI6Imh0dHA6Ly93d3cuZml0Yml0LmNvbS9pbWFnZXMvcHJvZmlsZS9kZWZhdWx0UHJvZmlsZV8xNTBfZmVtYWxlLmdpZiIsInN0cmlkZUxlbmd0aFJ1bm5pbmciOjM1LjAzOTM3MDA3ODc0MDE1Niwid2F0ZXJVbml0TmFtZSI6Im1sIiwiZGlzdGFuY2VVbml0IjoiTUVUUklDIiwidGltZXpvbmUiOiJBdXN0cmFsaWEvSG9iYXJ0IiwiZGF0ZU9mQmlydGgiOiIxOTk0LTA2LTI3Iiwid2F0ZXJVbml0IjoiTUVUUklDIiwiZW5jb2RlZElkIjoiMzhOWERKIiwib2Zmc2V0RnJvbVVUQ01pbGxpcyI6MzYwMDAwMDAsImxvY2FsZSI6ImVuX0FVIiwid2VpZ2h0IjoxNDkuOSwibWVtYmVyU2luY2UiOiIyMDE1LTAzLTAzIiwidG9wQmFkZ2VzIjpbeyJlbmNvZGVkSWQiOiIyMjhUTUsiLCJzaGFyZVRleHQiOiJJIHRvb2sgMTUsMDAwIHN0ZXBzIGFuZCBlYXJuZWQgdGhlIFVyYmFuIEJvb3QgYmFkZ2UhICNGaXRiaXQiLCJkYXRlVGltZSI6IjIwMTUtMDMtMjIiLCJiYWRnZVR5cGUiOiJEQUlMWV9TVEVQUyIsImRlc2NyaXB0aW9uIjoiMTUsMDAwIHN0ZXBzIGluIGEgZGF5Iiwic2hvcnROYW1lIjoiVXJiYW4gQm9vdCIsImVhcm5lZE1lc3NhZ2UiOiJDb25ncmF0cyBvbiBlYXJuaW5nIHlvdXIgZmlyc3QgVXJiYW4gQm9vdCBiYWRnZSEiLCJuYW1lIjoiVXJiYW4gQm9vdCAoMTUsMDAwIHN0ZXBzIGluIGEgZGF5KSIsIm1vYmlsZURlc2NyaXB0aW9uIjoiV2l0aCBhIG51bWJlciB0aGF0J3MgYWxtb3N0IHRocmVlIHRpbWVzIG1vcmUgdGhhbiB0aGUgbmF0aW9uYWwgYXZlcmFnZSwgeW91ciBzdGVwIGNvdW50IGlzIHJlYWxseSBoZWF0aW5nIHVwLiIsInNob3J0RGVzY3JpcHRpb24iOiIxNSwwMDAgc3RlcHMiLCJjaGVlcnMiOltdLCJzaGFyZUltYWdlNjQwcHgiOiJodHRwOi8vc3RhdGljMC5maXRiaXQuY29tL2ltYWdlcy9iYWRnZXNfbmV3LzM4NnB4L3NoYXJlTG9jYWxpemVkL2VuX1VTL2JhZGdlX2RhaWx5X3N0ZXBzMTVrLnBuZyIsImltYWdlMzAwcHgiOiJodHRwOi8vc3RhdGljMC5maXRiaXQuY29tL2ltYWdlcy9iYWRnZXNfbmV3LzMwMHB4L2JhZGdlX2RhaWx5X3N0ZXBzMTVrLnBuZyIsInRpbWVzQWNoaWV2ZWQiOjEsImltYWdlNzVweCI6Imh0dHA6Ly9zdGF0aWMwLmZpdGJpdC5jb20vaW1hZ2VzL2JhZGdlc19uZXcvNzVweC9iYWRnZV9kYWlseV9zdGVwczE1ay5wbmciLCJjYXRlZ29yeSI6IkRhaWx5IFN0ZXBzIiwiaW1hZ2UxMDBweCI6Imh0dHA6Ly9zdGF0aWMwLmZpdGJpdC5jb20vaW1hZ2VzL2JhZGdlc19uZXcvMTAwcHgvYmFkZ2VfZGFpbHlfc3RlcHMxNWsucG5nIiwiYmFkZ2VHcmFkaWVudFN0YXJ0Q29sb3IiOiIwMDcyNzMiLCJiYWRnZUdyYWRpZW50RW5kQ29sb3IiOiIwMEQzRDYiLCJpbWFnZTEyNXB4IjoiaHR0cDovL3N0YXRpYzAuZml0Yml0LmNvbS9pbWFnZXMvYmFkZ2VzX25ldy8xMjVweC9iYWRnZV9kYWlseV9zdGVwczE1ay5wbmciLCJtYXJrZXRpbmdEZXNjcmlwdGlvbiI6IllvdSd2ZSB3YWxrZWQgMTUsMDAwIHN0ZXBzICBBbmQgZWFybmVkIHRoZSBVcmJhbiBCb290IGJhZGdlISIsImltYWdlNTBweCI6Imh0dHA6Ly9zdGF0aWMwLmZpdGJpdC5jb20vaW1hZ2VzL2JhZGdlc19uZXcvYmFkZ2VfZGFpbHlfc3RlcHMxNWsucG5nIiwidmFsdWUiOjE1MDAwfSx7ImVuY29kZWRJZCI6IjIyQjhMViIsInNoYXJlVGV4dCI6IkkgY292ZXJlZCA0MDIga2lsb21ldGVycyB3aXRoIG15ICNGaXRiaXQgYW5kIGVhcm5lZCB0aGUgTG9uZG9uIFVuZGVyZ3JvdW5kIGJhZGdlLiIsImRhdGVUaW1lIjoiMjAxNS0wNS0wNyIsImJhZGdlVHlwZSI6IkxJRkVUSU1FX0RJU1RBTkNFIiwiZGVzY3JpcHRpb24iOiI0MDIgbGlmZXRpbWUga2lsb21ldGVycyIsInNob3J0TmFtZSI6IkxvbmRvbiBVbmRlcmdyb3VuZCIsImVhcm5lZE1lc3NhZ2UiOiJXaG9hISBZb3UndmUgZWFybmVkIHRoZSBMb25kb24gVW5kZXJncm91bmQgYmFkZ2UhIiwibmFtZSI6IkxvbmRvbiBVbmRlcmdyb3VuZCAoNDAyIGxpZmV0aW1lIGtpbG9tZXRlcnMpIiwibW9iaWxlRGVzY3JpcHRpb24iOiJZb3UndmUgd2Fsa2VkIHRoZSBsZW5ndGggb2YgdGhlIHdvcmxkJ3MgZmlyc3QgdW5kZXJncm91bmQgcmFpbHdheSBhbmQgYXJlIGxheWluZyB0aGUgdHJhY2tzIGZvciBzb21lIGJpZyB0aGluZ3MgaW4gdGhlIGZ1dHVyZS4iLCJzaG9ydERlc2NyaXB0aW9uIjoiNDAyIGtpbG9tZXRlcnMiLCJ1bml0IjoiS0lMT01FVEVSUyIsImNoZWVycyI6W10sInNoYXJlSW1hZ2U2NDBweCI6Imh0dHA6Ly9zdGF0aWMwLmZpdGJpdC5jb20vaW1hZ2VzL2JhZGdlc19uZXcvMzg2cHgvc2hhcmVMb2NhbGl6ZWQvZW5fVVMvYmFkZ2VfbGlmZXRpbWVfbWlsZXMyNTAucG5nIiwiaW1hZ2UzMDBweCI6Imh0dHA6Ly9zdGF0aWMwLmZpdGJpdC5jb20vaW1hZ2VzL2JhZGdlc19uZXcvMzAwcHgvYmFkZ2VfbGlmZXRpbWVfbWlsZXMyNTAucG5nIiwidGltZXNBY2hpZXZlZCI6MSwiaW1hZ2U3NXB4IjoiaHR0cDovL3N0YXRpYzAuZml0Yml0LmNvbS9pbWFnZXMvYmFkZ2VzX25ldy83NXB4L2JhZGdlX2xpZmV0aW1lX21pbGVzMjUwLnBuZyIsImNhdGVnb3J5IjoiTGlmZXRpbWUgRGlzdGFuY2UiLCJpbWFnZTEwMHB4IjoiaHR0cDovL3N0YXRpYzAuZml0Yml0LmNvbS9pbWFnZXMvYmFkZ2VzX25ldy8xMDBweC9iYWRnZV9saWZldGltZV9taWxlczI1MC5wbmciLCJiYWRnZUdyYWRpZW50U3RhcnRDb2xvciI6IjAwNTZBMyIsImJhZGdlR3JhZGllbnRFbmRDb2xvciI6IjAwQTBFNSIsImltYWdlMTI1cHgiOiJodHRwOi8vc3RhdGljMC5maXRiaXQuY29tL2ltYWdlcy9iYWRnZXNfbmV3LzEyNXB4L2JhZGdlX2xpZmV0aW1lX21pbGVzMjUwLnBuZyIsIm1hcmtldGluZ0Rlc2NyaXB0aW9uIjoiQnkgcmVhY2hpbmcgNDAyIGxpZmV0aW1lIGtpbG9tZXRlcnMsIHlvdSd2ZSBlYXJuZWQgdGhlIFR1YmUgYmFkZ2UhIiwiaW1hZ2U1MHB4IjoiaHR0cDovL3N0YXRpYzAuZml0Yml0LmNvbS9pbWFnZXMvYmFkZ2VzX25ldy9iYWRnZV9saWZldGltZV9taWxlczI1MC5wbmciLCJ2YWx1ZSI6NDAyfV0sImF2YXRhciI6Imh0dHA6Ly93d3cuZml0Yml0LmNvbS9pbWFnZXMvcHJvZmlsZS9kZWZhdWx0UHJvZmlsZV8xMDBfZmVtYWxlLmdpZiIsIndlaWdodFVuaXQiOiJNRVRSSUMiLCJhZ2UiOjIwLCJoZWlnaHRVbml0IjoiTUVUUklDIiwiZGlzcGxheU5hbWUiOiJCcmlkZ2V0dGUiLCJzdHJpZGVMZW5ndGhXYWxraW5nIjoyNy4xNjUzNTQzMzA3MDg2Niwic3RhcnREYXlPZldlZWsiOiJNT05EQVkiLCJmdWxsTmFtZSI6IkJyaWRnZXR0ZSBLYW1pbnNraSJ9fX0=", "expire_date": "2015-05-26T06:12:49.824Z"}, "pk": "me55ysjrt2e4zo2ivenpumqf5bx6658c", "model": "sessions.session"}, {"fields": {"session_data": "ODY5YzUxMWE2NGM4NDExM2VjNGM3NTM4MjA5YWU2YTg3N2RiNzMyMjp7fQ==", "expire_date": "2015-05-26T00:04:15.465Z"}, "pk": "ovkntzpsquryrfolih22e6jplygc0nuy", "model": "sessions.session"}, {"fields": {"session_data": "YTI1ZjJiNGMwZTA5ZDkzYzgxZWQwNTE5OTJkY2ZmZWUwMTRjNjU5Zjp7ImZpdGJpdF9wcm9maWxlIjp7InVzZXIiOnsid2VpZ2h0IjoxNDkuOSwiZW5jb2RlZElkIjoiMzhOWERKIiwiZGF0ZU9mQmlydGgiOiIxOTk0LTA2LTI3IiwiYWdlIjoyMCwiZnVsbE5hbWUiOiJCcmlkZ2V0dGUgS2FtaW5za2kiLCJsb2NhbGUiOiJlbl9BVSIsInRvcEJhZGdlcyI6W3siZW5jb2RlZElkIjoiMjI4VE1LIiwidmFsdWUiOjE1MDAwLCJlYXJuZWRNZXNzYWdlIjoiQ29uZ3JhdHMgb24gZWFybmluZyB5b3VyIGZpcnN0IFVyYmFuIEJvb3QgYmFkZ2UhIiwidGltZXNBY2hpZXZlZCI6MSwiaW1hZ2U3NXB4IjoiaHR0cDovL3N0YXRpYzAuZml0Yml0LmNvbS9pbWFnZXMvYmFkZ2VzX25ldy83NXB4L2JhZGdlX2RhaWx5X3N0ZXBzMTVrLnBuZyIsImJhZGdlVHlwZSI6IkRBSUxZX1NURVBTIiwiYmFkZ2VHcmFkaWVudFN0YXJ0Q29sb3IiOiIwMDcyNzMiLCJtb2JpbGVEZXNjcmlwdGlvbiI6IldpdGggYSBudW1iZXIgdGhhdCdzIGFsbW9zdCB0aHJlZSB0aW1lcyBtb3JlIHRoYW4gdGhlIG5hdGlvbmFsIGF2ZXJhZ2UsIHlvdXIgc3RlcCBjb3VudCBpcyByZWFsbHkgaGVhdGluZyB1cC4iLCJzaGFyZVRleHQiOiJJIHRvb2sgMTUsMDAwIHN0ZXBzIGFuZCBlYXJuZWQgdGhlIFVyYmFuIEJvb3QgYmFkZ2UhICNGaXRiaXQiLCJzaG9ydERlc2NyaXB0aW9uIjoiMTUsMDAwIHN0ZXBzIiwibWFya2V0aW5nRGVzY3JpcHRpb24iOiJZb3UndmUgd2Fsa2VkIDE1LDAwMCBzdGVwcyAgQW5kIGVhcm5lZCB0aGUgVXJiYW4gQm9vdCBiYWRnZSEiLCJuYW1lIjoiVXJiYW4gQm9vdCAoMTUsMDAwIHN0ZXBzIGluIGEgZGF5KSIsImltYWdlMzAwcHgiOiJodHRwOi8vc3RhdGljMC5maXRiaXQuY29tL2ltYWdlcy9iYWRnZXNfbmV3LzMwMHB4L2JhZGdlX2RhaWx5X3N0ZXBzMTVrLnBuZyIsImNhdGVnb3J5IjoiRGFpbHkgU3RlcHMiLCJzaG9ydE5hbWUiOiJVcmJhbiBCb290IiwiYmFkZ2VHcmFkaWVudEVuZENvbG9yIjoiMDBEM0Q2IiwiZGF0ZVRpbWUiOiIyMDE1LTAzLTIyIiwiZGVzY3JpcHRpb24iOiIxNSwwMDAgc3RlcHMgaW4gYSBkYXkiLCJpbWFnZTEwMHB4IjoiaHR0cDovL3N0YXRpYzAuZml0Yml0LmNvbS9pbWFnZXMvYmFkZ2VzX25ldy8xMDBweC9iYWRnZV9kYWlseV9zdGVwczE1ay5wbmciLCJzaGFyZUltYWdlNjQwcHgiOiJodHRwOi8vc3RhdGljMC5maXRiaXQuY29tL2ltYWdlcy9iYWRnZXNfbmV3LzM4NnB4L3NoYXJlTG9jYWxpemVkL2VuX1VTL2JhZGdlX2RhaWx5X3N0ZXBzMTVrLnBuZyIsImltYWdlNTBweCI6Imh0dHA6Ly9zdGF0aWMwLmZpdGJpdC5jb20vaW1hZ2VzL2JhZGdlc19uZXcvYmFkZ2VfZGFpbHlfc3RlcHMxNWsucG5nIiwiY2hlZXJzIjpbXSwiaW1hZ2UxMjVweCI6Imh0dHA6Ly9zdGF0aWMwLmZpdGJpdC5jb20vaW1hZ2VzL2JhZGdlc19uZXcvMTI1cHgvYmFkZ2VfZGFpbHlfc3RlcHMxNWsucG5nIn0seyJlbmNvZGVkSWQiOiIyMkI4TFYiLCJ2YWx1ZSI6NDAyLCJlYXJuZWRNZXNzYWdlIjoiV2hvYSEgWW91J3ZlIGVhcm5lZCB0aGUgTG9uZG9uIFVuZGVyZ3JvdW5kIGJhZGdlISIsInRpbWVzQWNoaWV2ZWQiOjEsImltYWdlNzVweCI6Imh0dHA6Ly9zdGF0aWMwLmZpdGJpdC5jb20vaW1hZ2VzL2JhZGdlc19uZXcvNzVweC9iYWRnZV9saWZldGltZV9taWxlczI1MC5wbmciLCJiYWRnZVR5cGUiOiJMSUZFVElNRV9ESVNUQU5DRSIsImJhZGdlR3JhZGllbnRTdGFydENvbG9yIjoiMDA1NkEzIiwibW9iaWxlRGVzY3JpcHRpb24iOiJZb3UndmUgd2Fsa2VkIHRoZSBsZW5ndGggb2YgdGhlIHdvcmxkJ3MgZmlyc3QgdW5kZXJncm91bmQgcmFpbHdheSBhbmQgYXJlIGxheWluZyB0aGUgdHJhY2tzIGZvciBzb21lIGJpZyB0aGluZ3MgaW4gdGhlIGZ1dHVyZS4iLCJzaGFyZVRleHQiOiJJIGNvdmVyZWQgNDAyIGtpbG9tZXRlcnMgd2l0aCBteSAjRml0Yml0IGFuZCBlYXJuZWQgdGhlIExvbmRvbiBVbmRlcmdyb3VuZCBiYWRnZS4iLCJzaG9ydERlc2NyaXB0aW9uIjoiNDAyIGtpbG9tZXRlcnMiLCJtYXJrZXRpbmdEZXNjcmlwdGlvbiI6IkJ5IHJlYWNoaW5nIDQwMiBsaWZldGltZSBraWxvbWV0ZXJzLCB5b3UndmUgZWFybmVkIHRoZSBUdWJlIGJhZGdlISIsIm5hbWUiOiJMb25kb24gVW5kZXJncm91bmQgKDQwMiBsaWZldGltZSBraWxvbWV0ZXJzKSIsImltYWdlMzAwcHgiOiJodHRwOi8vc3RhdGljMC5maXRiaXQuY29tL2ltYWdlcy9iYWRnZXNfbmV3LzMwMHB4L2JhZGdlX2xpZmV0aW1lX21pbGVzMjUwLnBuZyIsImNhdGVnb3J5IjoiTGlmZXRpbWUgRGlzdGFuY2UiLCJzaG9ydE5hbWUiOiJMb25kb24gVW5kZXJncm91bmQiLCJiYWRnZUdyYWRpZW50RW5kQ29sb3IiOiIwMEEwRTUiLCJkYXRlVGltZSI6IjIwMTUtMDUtMDciLCJkZXNjcmlwdGlvbiI6IjQwMiBsaWZldGltZSBraWxvbWV0ZXJzIiwiaW1hZ2UxMDBweCI6Imh0dHA6Ly9zdGF0aWMwLmZpdGJpdC5jb20vaW1hZ2VzL2JhZGdlc19uZXcvMTAwcHgvYmFkZ2VfbGlmZXRpbWVfbWlsZXMyNTAucG5nIiwidW5pdCI6IktJTE9NRVRFUlMiLCJzaGFyZUltYWdlNjQwcHgiOiJodHRwOi8vc3RhdGljMC5maXRiaXQuY29tL2ltYWdlcy9iYWRnZXNfbmV3LzM4NnB4L3NoYXJlTG9jYWxpemVkL2VuX1VTL2JhZGdlX2xpZmV0aW1lX21pbGVzMjUwLnBuZyIsImltYWdlNTBweCI6Imh0dHA6Ly9zdGF0aWMwLmZpdGJpdC5jb20vaW1hZ2VzL2JhZGdlc19uZXcvYmFkZ2VfbGlmZXRpbWVfbWlsZXMyNTAucG5nIiwiY2hlZXJzIjpbXSwiaW1hZ2UxMjVweCI6Imh0dHA6Ly9zdGF0aWMwLmZpdGJpdC5jb20vaW1hZ2VzL2JhZGdlc19uZXcvMTI1cHgvYmFkZ2VfbGlmZXRpbWVfbWlsZXMyNTAucG5nIn1dLCJvZmZzZXRGcm9tVVRDTWlsbGlzIjozNjAwMDAwMCwiZ2VuZGVyIjoiRkVNQUxFIiwic3RyaWRlTGVuZ3RoUnVubmluZyI6MzUuMDM5MzcwMDc4NzQwMTU2LCJ3ZWlnaHRVbml0IjoiTUVUUklDIiwic3RhcnREYXlPZldlZWsiOiJNT05EQVkiLCJhdmF0YXIxNTAiOiJodHRwOi8vd3d3LmZpdGJpdC5jb20vaW1hZ2VzL3Byb2ZpbGUvZGVmYXVsdFByb2ZpbGVfMTUwX2ZlbWFsZS5naWYiLCJ3YXRlclVuaXROYW1lIjoibWwiLCJoZWlnaHRVbml0IjoiTUVUUklDIiwiZGlzcGxheU5hbWUiOiJCcmlkZ2V0dGUiLCJzdHJpZGVMZW5ndGhXYWxraW5nIjoyNy4xNjUzNTQzMzA3MDg2NiwiZm9vZHNMb2NhbGUiOiJlbl9VUyIsIndhdGVyVW5pdCI6Ik1FVFJJQyIsImF2YXRhciI6Imh0dHA6Ly93d3cuZml0Yml0LmNvbS9pbWFnZXMvcHJvZmlsZS9kZWZhdWx0UHJvZmlsZV8xMDBfZmVtYWxlLmdpZiIsInRpbWV6b25lIjoiQXVzdHJhbGlhL0hvYmFydCIsIm1lbWJlclNpbmNlIjoiMjAxNS0wMy0wMyIsImhlaWdodCI6NjUuNzQ4MDMxNDk2MDYyOTksImdsdWNvc2VVbml0IjoiZW5fVVMiLCJkaXN0YW5jZVVuaXQiOiJNRVRSSUMifX0sIl9hdXRoX3VzZXJfaWQiOiIzIiwiX2F1dGhfdXNlcl9oYXNoIjoiMTdlZDk1MGQwOTY5MmZiNDQyZjMzNGUyYTE3ZWY2NmEwYmM5MDhlMSIsIl9hdXRoX3VzZXJfYmFja2VuZCI6ImRqYW5nby5jb250cmliLmF1dGguYmFja2VuZHMuTW9kZWxCYWNrZW5kIn0=", "expire_date": "2015-05-25T12:17:30.958Z"}, "pk": "q1dek8gcsz174tyesu3kuwzgqdyy8qlz", "model": "sessions.session"}, {"fields": {"session_data": "OTc1N2FlZWZmOGYzNWU4ZjY3NDljNWNmZTEyMDM5ZjgyZDliYWMwMzp7Il9hdXRoX3VzZXJfaGFzaCI6IjE3ZWQ5NTBkMDk2OTJmYjQ0MmYzMzRlMmExN2VmNjZhMGJjOTA4ZTEiLCJfYXV0aF91c2VyX2JhY2tlbmQiOiJkamFuZ28uY29udHJpYi5hdXRoLmJhY2tlbmRzLk1vZGVsQmFja2VuZCIsIl9hdXRoX3VzZXJfaWQiOiIzIiwiZml0Yml0X3Byb2ZpbGUiOnsidXNlciI6eyJhdmF0YXIiOiJodHRwOi8vd3d3LmZpdGJpdC5jb20vaW1hZ2VzL3Byb2ZpbGUvZGVmYXVsdFByb2ZpbGVfMTAwX2ZlbWFsZS5naWYiLCJ3ZWlnaHRVbml0IjoiTUVUUklDIiwiZW5jb2RlZElkIjoiMzhOWERKIiwiZGlzdGFuY2VVbml0IjoiTUVUUklDIiwic3RyaWRlTGVuZ3RoV2Fsa2luZyI6MjcuMTY1MzU0MzMwNzA4NjYsImdlbmRlciI6IkZFTUFMRSIsImFnZSI6MjAsImhlaWdodCI6NjUuNzQ4MDMxNDk2MDYyOTksImZvb2RzTG9jYWxlIjoiZW5fVVMiLCJnbHVjb3NlVW5pdCI6ImVuX1VTIiwid2F0ZXJVbml0IjoiTUVUUklDIiwiZGlzcGxheU5hbWUiOiJCcmlkZ2V0dGUiLCJoZWlnaHRVbml0IjoiTUVUUklDIiwibG9jYWxlIjoiZW5fQVUiLCJ3YXRlclVuaXROYW1lIjoibWwiLCJmdWxsTmFtZSI6IkJyaWRnZXR0ZSBLYW1pbnNraSIsIm9mZnNldEZyb21VVENNaWxsaXMiOjM2MDAwMDAwLCJhdmF0YXIxNTAiOiJodHRwOi8vd3d3LmZpdGJpdC5jb20vaW1hZ2VzL3Byb2ZpbGUvZGVmYXVsdFByb2ZpbGVfMTUwX2ZlbWFsZS5naWYiLCJzdGFydERheU9mV2VlayI6Ik1PTkRBWSIsIndlaWdodCI6MTQ5LjksImRhdGVPZkJpcnRoIjoiMTk5NC0wNi0yNyIsIm1lbWJlclNpbmNlIjoiMjAxNS0wMy0wMyIsInRpbWV6b25lIjoiQXVzdHJhbGlhL0hvYmFydCIsInN0cmlkZUxlbmd0aFJ1bm5pbmciOjM1LjAzOTM3MDA3ODc0MDE1NiwidG9wQmFkZ2VzIjpbeyJzaGFyZVRleHQiOiJJIHRvb2sgMTUsMDAwIHN0ZXBzIGFuZCBlYXJuZWQgdGhlIFVyYmFuIEJvb3QgYmFkZ2UhICNGaXRiaXQiLCJlbmNvZGVkSWQiOiIyMjhUTUsiLCJiYWRnZVR5cGUiOiJEQUlMWV9TVEVQUyIsIm5hbWUiOiJVcmJhbiBCb290ICgxNSwwMDAgc3RlcHMgaW4gYSBkYXkpIiwiZGVzY3JpcHRpb24iOiIxNSwwMDAgc3RlcHMgaW4gYSBkYXkiLCJzaGFyZUltYWdlNjQwcHgiOiJodHRwOi8vc3RhdGljMC5maXRiaXQuY29tL2ltYWdlcy9iYWRnZXNfbmV3LzM4NnB4L3NoYXJlTG9jYWxpemVkL2VuX1VTL2JhZGdlX2RhaWx5X3N0ZXBzMTVrLnBuZyIsImNhdGVnb3J5IjoiRGFpbHkgU3RlcHMiLCJ2YWx1ZSI6MTUwMDAsIm1vYmlsZURlc2NyaXB0aW9uIjoiV2l0aCBhIG51bWJlciB0aGF0J3MgYWxtb3N0IHRocmVlIHRpbWVzIG1vcmUgdGhhbiB0aGUgbmF0aW9uYWwgYXZlcmFnZSwgeW91ciBzdGVwIGNvdW50IGlzIHJlYWxseSBoZWF0aW5nIHVwLiIsImJhZGdlR3JhZGllbnRFbmRDb2xvciI6IjAwRDNENiIsImVhcm5lZE1lc3NhZ2UiOiJDb25ncmF0cyBvbiBlYXJuaW5nIHlvdXIgZmlyc3QgVXJiYW4gQm9vdCBiYWRnZSEiLCJpbWFnZTUwcHgiOiJodHRwOi8vc3RhdGljMC5maXRiaXQuY29tL2ltYWdlcy9iYWRnZXNfbmV3L2JhZGdlX2RhaWx5X3N0ZXBzMTVrLnBuZyIsInNob3J0RGVzY3JpcHRpb24iOiIxNSwwMDAgc3RlcHMiLCJjaGVlcnMiOltdLCJ0aW1lc0FjaGlldmVkIjoxLCJtYXJrZXRpbmdEZXNjcmlwdGlvbiI6IllvdSd2ZSB3YWxrZWQgMTUsMDAwIHN0ZXBzICBBbmQgZWFybmVkIHRoZSBVcmJhbiBCb290IGJhZGdlISIsImltYWdlMzAwcHgiOiJodHRwOi8vc3RhdGljMC5maXRiaXQuY29tL2ltYWdlcy9iYWRnZXNfbmV3LzMwMHB4L2JhZGdlX2RhaWx5X3N0ZXBzMTVrLnBuZyIsImltYWdlMTAwcHgiOiJodHRwOi8vc3RhdGljMC5maXRiaXQuY29tL2ltYWdlcy9iYWRnZXNfbmV3LzEwMHB4L2JhZGdlX2RhaWx5X3N0ZXBzMTVrLnBuZyIsImltYWdlNzVweCI6Imh0dHA6Ly9zdGF0aWMwLmZpdGJpdC5jb20vaW1hZ2VzL2JhZGdlc19uZXcvNzVweC9iYWRnZV9kYWlseV9zdGVwczE1ay5wbmciLCJzaG9ydE5hbWUiOiJVcmJhbiBCb290IiwiYmFkZ2VHcmFkaWVudFN0YXJ0Q29sb3IiOiIwMDcyNzMiLCJkYXRlVGltZSI6IjIwMTUtMDMtMjIiLCJpbWFnZTEyNXB4IjoiaHR0cDovL3N0YXRpYzAuZml0Yml0LmNvbS9pbWFnZXMvYmFkZ2VzX25ldy8xMjVweC9iYWRnZV9kYWlseV9zdGVwczE1ay5wbmcifSx7InNoYXJlVGV4dCI6IkkgY292ZXJlZCA0MDIga2lsb21ldGVycyB3aXRoIG15ICNGaXRiaXQgYW5kIGVhcm5lZCB0aGUgTG9uZG9uIFVuZGVyZ3JvdW5kIGJhZGdlLiIsImVuY29kZWRJZCI6IjIyQjhMViIsImJhZGdlVHlwZSI6IkxJRkVUSU1FX0RJU1RBTkNFIiwibmFtZSI6IkxvbmRvbiBVbmRlcmdyb3VuZCAoNDAyIGxpZmV0aW1lIGtpbG9tZXRlcnMpIiwiZGVzY3JpcHRpb24iOiI0MDIgbGlmZXRpbWUga2lsb21ldGVycyIsInNoYXJlSW1hZ2U2NDBweCI6Imh0dHA6Ly9zdGF0aWMwLmZpdGJpdC5jb20vaW1hZ2VzL2JhZGdlc19uZXcvMzg2cHgvc2hhcmVMb2NhbGl6ZWQvZW5fVVMvYmFkZ2VfbGlmZXRpbWVfbWlsZXMyNTAucG5nIiwiY2F0ZWdvcnkiOiJMaWZldGltZSBEaXN0YW5jZSIsInZhbHVlIjo0MDIsIm1vYmlsZURlc2NyaXB0aW9uIjoiWW91J3ZlIHdhbGtlZCB0aGUgbGVuZ3RoIG9mIHRoZSB3b3JsZCdzIGZpcnN0IHVuZGVyZ3JvdW5kIHJhaWx3YXkgYW5kIGFyZSBsYXlpbmcgdGhlIHRyYWNrcyBmb3Igc29tZSBiaWcgdGhpbmdzIGluIHRoZSBmdXR1cmUuIiwiYmFkZ2VHcmFkaWVudEVuZENvbG9yIjoiMDBBMEU1IiwiZWFybmVkTWVzc2FnZSI6Ildob2EhIFlvdSd2ZSBlYXJuZWQgdGhlIExvbmRvbiBVbmRlcmdyb3VuZCBiYWRnZSEiLCJpbWFnZTUwcHgiOiJodHRwOi8vc3RhdGljMC5maXRiaXQuY29tL2ltYWdlcy9iYWRnZXNfbmV3L2JhZGdlX2xpZmV0aW1lX21pbGVzMjUwLnBuZyIsInNob3J0RGVzY3JpcHRpb24iOiI0MDIga2lsb21ldGVycyIsImNoZWVycyI6W10sInRpbWVzQWNoaWV2ZWQiOjEsIm1hcmtldGluZ0Rlc2NyaXB0aW9uIjoiQnkgcmVhY2hpbmcgNDAyIGxpZmV0aW1lIGtpbG9tZXRlcnMsIHlvdSd2ZSBlYXJuZWQgdGhlIFR1YmUgYmFkZ2UhIiwiaW1hZ2UzMDBweCI6Imh0dHA6Ly9zdGF0aWMwLmZpdGJpdC5jb20vaW1hZ2VzL2JhZGdlc19uZXcvMzAwcHgvYmFkZ2VfbGlmZXRpbWVfbWlsZXMyNTAucG5nIiwiaW1hZ2UxMDBweCI6Imh0dHA6Ly9zdGF0aWMwLmZpdGJpdC5jb20vaW1hZ2VzL2JhZGdlc19uZXcvMTAwcHgvYmFkZ2VfbGlmZXRpbWVfbWlsZXMyNTAucG5nIiwiaW1hZ2U3NXB4IjoiaHR0cDovL3N0YXRpYzAuZml0Yml0LmNvbS9pbWFnZXMvYmFkZ2VzX25ldy83NXB4L2JhZGdlX2xpZmV0aW1lX21pbGVzMjUwLnBuZyIsInVuaXQiOiJLSUxPTUVURVJTIiwic2hvcnROYW1lIjoiTG9uZG9uIFVuZGVyZ3JvdW5kIiwiYmFkZ2VHcmFkaWVudFN0YXJ0Q29sb3IiOiIwMDU2QTMiLCJkYXRlVGltZSI6IjIwMTUtMDUtMDciLCJpbWFnZTEyNXB4IjoiaHR0cDovL3N0YXRpYzAuZml0Yml0LmNvbS9pbWFnZXMvYmFkZ2VzX25ldy8xMjVweC9iYWRnZV9saWZldGltZV9taWxlczI1MC5wbmcifV19fX0=", "expire_date": "2015-05-26T06:48:30.805Z"}, "pk": "s3fsrxz14cutjyehkn5smtwfw5583ohy", "model": "sessions.session"}, {"fields": {"session_data": "ODY5YzUxMWE2NGM4NDExM2VjNGM3NTM4MjA5YWU2YTg3N2RiNzMyMjp7fQ==", "expire_date": "2015-05-21T00:25:12.325Z"}, "pk": "yncceefpdjh378r6q09oivc1y8dexu5i", "model": "sessions.session"}, {"fields": {"session_data": "OTVkY2JkMThhMTYyNzBkNWFmM2RhOWYxMzlkMzU1MTc2ZWNmZjBjODp7Il9hdXRoX3VzZXJfaGFzaCI6ImUyZTFlYjEzZTNiMmVlNDE5NDIzODdkYzc5ZjMwYjkwNDQ1NTAzYTUiLCJfYXV0aF91c2VyX2JhY2tlbmQiOiJkamFuZ28uY29udHJpYi5hdXRoLmJhY2tlbmRzLk1vZGVsQmFja2VuZCIsIl9hdXRoX3VzZXJfaWQiOiIxIn0=", "expire_date": "2015-05-15T08:20:22.586Z"}, "pk": "ynicc967bx4ohckehf9o8o4criw7a8vd", "model": "sessions.session"}, {"fields": {"category": 1, "resource": "calories"}, "pk": 1, "model": "fitapp.timeseriesdatatype"}, {"fields": {"category": 1, "resource": "caloriesBMR"}, "pk": 2, "model": "fitapp.timeseriesdatatype"}, {"fields": {"category": 1, "resource": "steps"}, "pk": 3, "model": "fitapp.timeseriesdatatype"}, {"fields": {"category": 1, "resource": "distance"}, "pk": 4, "model": "fitapp.timeseriesdatatype"}, {"fields": {"category": 1, "resource": "floors"}, "pk": 5, "model": "fitapp.timeseriesdatatype"}, {"fields": {"category": 1, "resource": "elevation"}, "pk": 6, "model": "fitapp.timeseriesdatatype"}, {"fields": {"category": 1, "resource": "minutesSedentary"}, "pk": 7, "model": "fitapp.timeseriesdatatype"}, {"fields": {"category": 1, "resource": "minutesLightlyActive"}, "pk": 8, "model": "fitapp.timeseriesdatatype"}, {"fields": {"category": 1, "resource": "minutesFairlyActive"}, "pk": 9, "model": "fitapp.timeseriesdatatype"}, {"fields": {"category": 1, "resource": "minutesVeryActive"}, "pk": 11, "model": "fitapp.timeseriesdatatype"}, {"fields": {"category": 1, "resource": "activeScore"}, "pk": 12, "model": "fitapp.timeseriesdatatype"}, {"fields": {"category": 1, "resource": "activityCalories"}, "pk": 13, "model": "fitapp.timeseriesdatatype"}, {"fields": {"category": 1, "resource": "tracker/minutesSedentary"}, "pk": 14, "model": "fitapp.timeseriesdatatype"}, {"fields": {"category": 1, "resource": "tracker/minutesLightlyActive"}, "pk": 15, "model": "fitapp.timeseriesdatatype"}, {"fields": {"category": 1, "resource": "tracker/minutesFairlyActive"}, "pk": 16, "model": "fitapp.timeseriesdatatype"}, {"fields": {"category": 1, "resource": "tracker/minutesVeryActive"}, "pk": 17, "model": "fitapp.timeseriesdatatype"}, {"fields": {"category": 1, "resource": "tracker/activeScore"}, "pk": 18, "model": "fitapp.timeseriesdatatype"}, {"fields": {"category": 1, "resource": "tracker/activityCalories"}, "pk": 19, "model": "fitapp.timeseriesdatatype"}, {"fields": {"category": 1, "resource": "tracker/calories"}, "pk": 20, "model": "fitapp.timeseriesdatatype"}, {"fields": {"category": 1, "resource": "tracker/steps"}, "pk": 22, "model": "fitapp.timeseriesdatatype"}, {"fields": {"category": 1, "resource": "tracker/distance"}, "pk": 23, "model": "fitapp.timeseriesdatatype"}, {"fields": {"category": 1, "resource": "tracker/floors"}, "pk": 24, "model": "fitapp.timeseriesdatatype"}, {"fields": {"category": 1, "resource": "tracker/elevation"}, "pk": 25, "model": "fitapp.timeseriesdatatype"}, {"fields": {"category": 3, "resource": "weight"}, "pk": 26, "model": "fitapp.timeseriesdatatype"}, {"fields": {"category": 3, "resource": "bmi"}, "pk": 27, "model": "fitapp.timeseriesdatatype"}, {"fields": {"category": 3, "resource": "fat"}, "pk": 28, "model": "fitapp.timeseriesdatatype"}, {"fields": {"category": 0, "resource": "log/caloriesIn"}, "pk": 29, "model": "fitapp.timeseriesdatatype"}, {"fields": {"category": 0, "resource": "log/water"}, "pk": 30, "model": "fitapp.timeseriesdatatype"}, {"fields": {"category": 2, "resource": "startTime"}, "pk": 31, "model": "fitapp.timeseriesdatatype"}, {"fields": {"category": 2, "resource": "timeInBed"}, "pk": 32, "model": "fitapp.timeseriesdatatype"}, {"fields": {"category": 2, "resource": "minutesAsleep"}, "pk": 33, "model": "fitapp.timeseriesdatatype"}, {"fields": {"category": 2, "resource": "awakeningsCount"}, "pk": 34, "model": "fitapp.timeseriesdatatype"}, {"fields": {"category": 2, "resource": "minutesAwake"}, "pk": 35, "model": "fitapp.timeseriesdatatype"}, {"fields": {"category": 2, "resource": "minutesToFallAsleep"}, "pk": 36, "model": "fitapp.timeseriesdatatype"}, {"fields": {"category": 2, "resource": "minutesAfterWakeup"}, "pk": 37, "model": "fitapp.timeseriesdatatype"}, {"fields": {"category": 2, "resource": "efficiency"}, "pk": 38, "model": "fitapp.timeseriesdatatype"}, {"fields": {}, "pk": 18, "model": "tracktivityPetsWebsite.inventory"}, {"fields": {}, "pk": 19, "model": "tracktivityPetsWebsite.inventory"}, {"fields": {}, "pk": 20, "model": "tracktivityPetsWebsite.inventory"}, {"fields": {}, "pk": 21, "model": "tracktivityPetsWebsite.inventory"}, {"fields": {}, "pk": 22, "model": "tracktivityPetsWebsite.inventory"}, {"fields": {}, "pk": 23, "model": "tracktivityPetsWebsite.inventory"}, {"fields": {}, "pk": 24, "model": "tracktivityPetsWebsite.inventory"}, {"fields": {}, "pk": 26, "model": "tracktivityPetsWebsite.inventory"}, {"fields": {}, "pk": 31, "model": "tracktivityPetsWebsite.inventory"}, {"fields": {"level": 1, "experience_needed": 0}, "pk": 1, "model": "tracktivityPetsWebsite.level"}, {"fields": {"level": 2, "experience_needed": 2268}, "pk": 2, "model": "tracktivityPetsWebsite.level"}, {"fields": {"level": 3, "experience_needed": 5566}, "pk": 3, "model": "tracktivityPetsWebsite.level"}, {"fields": {"level": 4, "experience_needed": 10361}, "pk": 4, "model": "tracktivityPetsWebsite.level"}, {"fields": {"level": 5, "experience_needed": 17331}, "pk": 5, "model": "tracktivityPetsWebsite.level"}, {"fields": {"level": 6, "experience_needed": 27464}, "pk": 6, "model": "tracktivityPetsWebsite.level"}, {"fields": {"level": 7, "experience_needed": 42195}, "pk": 7, "model": "tracktivityPetsWebsite.level"}, {"fields": {"level": 8, "experience_needed": 63610}, "pk": 8, "model": "tracktivityPetsWebsite.level"}, {"fields": {"level": 9, "experience_needed": 94742}, "pk": 9, "model": "tracktivityPetsWebsite.level"}, {"fields": {"level": 10, "experience_needed": 140000}, "pk": 10, "model": "tracktivityPetsWebsite.level"}, {"fields": {"starter_level": 1, "cost": 0, "default_name": "Sir Oinksalot", "experience_to_unlock": 0}, "pk": 1, "model": "tracktivityPetsWebsite.pet"}, {"fields": {"starter_level": 1, "cost": 0, "default_name": "Sheldon", "experience_to_unlock": 0}, "pk": 2, "model": "tracktivityPetsWebsite.pet"}, {"fields": {"starter_level": 1, "cost": 0, "default_name": "Melvin", "experience_to_unlock": 0}, "pk": 3, "model": "tracktivityPetsWebsite.pet"}, {"fields": {"level": 10, "pet": 1, "inventory": 18, "date_created": "2015-05-05T12:21:25Z", "name": "Dayuuuum"}, "pk": 4, "model": "tracktivityPetsWebsite.collectedpet"}, {"fields": {"level": 9, "pet": 3, "inventory": 20, "date_created": "2015-04-25T13:43:21Z", "name": "Melv"}, "pk": 5, "model": "tracktivityPetsWebsite.collectedpet"}, {"fields": {"level": 1, "pet": 1, "inventory": 19, "date_created": "2015-05-08T00:05:28Z", "name": "frank"}, "pk": 6, "model": "tracktivityPetsWebsite.collectedpet"}, {"fields": {"amount": 80, "pet": 5, "date": "2015-04-25T00:00:00Z"}, "pk": 475, "model": "tracktivityPetsWebsite.happiness"}, {"fields": {"amount": 63, "pet": 5, "date": "2015-04-26T00:00:00Z"}, "pk": 476, "model": "tracktivityPetsWebsite.happiness"}, {"fields": {"amount": 100, "pet": 5, "date": "2015-04-27T00:00:00Z"}, "pk": 477, "model": "tracktivityPetsWebsite.happiness"}, {"fields": {"amount": 100, "pet": 5, "date": "2015-04-28T00:00:00Z"}, "pk": 478, "model": "tracktivityPetsWebsite.happiness"}, {"fields": {"amount": 100, "pet": 5, "date": "2015-04-29T00:00:00Z"}, "pk": 479, "model": "tracktivityPetsWebsite.happiness"}, {"fields": {"amount": 74, "pet": 5, "date": "2015-04-30T00:00:00Z"}, "pk": 480, "model": "tracktivityPetsWebsite.happiness"}, {"fields": {"amount": 52, "pet": 5, "date": "2015-05-01T00:00:00Z"}, "pk": 481, "model": "tracktivityPetsWebsite.happiness"}, {"fields": {"amount": 43, "pet": 5, "date": "2015-05-02T00:00:00Z"}, "pk": 482, "model": "tracktivityPetsWebsite.happiness"}, {"fields": {"amount": 94, "pet": 5, "date": "2015-05-03T00:00:00Z"}, "pk": 483, "model": "tracktivityPetsWebsite.happiness"}, {"fields": {"amount": 73, "pet": 5, "date": "2015-05-04T00:00:00Z"}, "pk": 484, "model": "tracktivityPetsWebsite.happiness"}, {"fields": {"amount": 55, "pet": 5, "date": "2015-05-05T00:00:00Z"}, "pk": 485, "model": "tracktivityPetsWebsite.happiness"}, {"fields": {"amount": 100, "pet": 5, "date": "2015-05-06T00:00:00Z"}, "pk": 486, "model": "tracktivityPetsWebsite.happiness"}, {"fields": {"amount": 76, "pet": 5, "date": "2015-05-07T00:00:00Z"}, "pk": 487, "model": "tracktivityPetsWebsite.happiness"}, {"fields": {"amount": 78, "pet": 5, "date": "2015-05-08T00:00:00Z"}, "pk": 488, "model": "tracktivityPetsWebsite.happiness"}, {"fields": {"amount": 45, "pet": 5, "date": "2015-05-09T00:00:00Z"}, "pk": 489, "model": "tracktivityPetsWebsite.happiness"}, {"fields": {"amount": 40, "pet": 5, "date": "2015-05-10T00:00:00Z"}, "pk": 490, "model": "tracktivityPetsWebsite.happiness"}, {"fields": {"amount": 100, "pet": 5, "date": "2015-05-11T00:00:00Z"}, "pk": 491, "model": "tracktivityPetsWebsite.happiness"}, {"fields": {"amount": 23, "pet": 5, "date": "2015-05-12T00:00:00Z"}, "pk": 492, "model": "tracktivityPetsWebsite.happiness"}, {"fields": {"amount": 8040, "pet": 5, "date": "2015-04-25T00:00:00Z"}, "pk": 496, "model": "tracktivityPetsWebsite.experience"}, {"fields": {"amount": 6397, "pet": 5, "date": "2015-04-26T00:00:00Z"}, "pk": 497, "model": "tracktivityPetsWebsite.experience"}, {"fields": {"amount": 10389, "pet": 5, "date": "2015-04-27T00:00:00Z"}, "pk": 498, "model": "tracktivityPetsWebsite.experience"}, {"fields": {"amount": 10589, "pet": 5, "date": "2015-04-28T00:00:00Z"}, "pk": 499, "model": "tracktivityPetsWebsite.experience"}, {"fields": {"amount": 11216, "pet": 5, "date": "2015-04-29T00:00:00Z"}, "pk": 500, "model": "tracktivityPetsWebsite.experience"}, {"fields": {"amount": 7448, "pet": 5, "date": "2015-04-30T00:00:00Z"}, "pk": 501, "model": "tracktivityPetsWebsite.experience"}, {"fields": {"amount": 5241, "pet": 5, "date": "2015-05-01T00:00:00Z"}, "pk": 502, "model": "tracktivityPetsWebsite.experience"}, {"fields": {"amount": 4370, "pet": 5, "date": "2015-05-02T00:00:00Z"}, "pk": 503, "model": "tracktivityPetsWebsite.experience"}, {"fields": {"amount": 9476, "pet": 5, "date": "2015-05-03T00:00:00Z"}, "pk": 504, "model": "tracktivityPetsWebsite.experience"}, {"fields": {"amount": 7386, "pet": 5, "date": "2015-05-04T00:00:00Z"}, "pk": 505, "model": "tracktivityPetsWebsite.experience"}, {"fields": {"amount": 5513, "pet": 5, "date": "2015-05-05T00:00:00Z"}, "pk": 506, "model": "tracktivityPetsWebsite.experience"}, {"fields": {"amount": 11845, "pet": 5, "date": "2015-05-06T00:00:00Z"}, "pk": 507, "model": "tracktivityPetsWebsite.experience"}, {"fields": {"amount": 7691, "pet": 5, "date": "2015-05-07T00:00:00Z"}, "pk": 508, "model": "tracktivityPetsWebsite.experience"}, {"fields": {"amount": 7831, "pet": 5, "date": "2015-05-08T00:00:00Z"}, "pk": 509, "model": "tracktivityPetsWebsite.experience"}, {"fields": {"amount": 4582, "pet": 5, "date": "2015-05-09T00:00:00Z"}, "pk": 510, "model": "tracktivityPetsWebsite.experience"}, {"fields": {"amount": 4087, "pet": 5, "date": "2015-05-10T00:00:00Z"}, "pk": 511, "model": "tracktivityPetsWebsite.experience"}, {"fields": {"amount": 11490, "pet": 5, "date": "2015-05-11T00:00:00Z"}, "pk": 512, "model": "tracktivityPetsWebsite.experience"}, {"fields": {"amount": 2354, "pet": 5, "date": "2015-05-12T00:00:00Z"}, "pk": 513, "model": "tracktivityPetsWebsite.experience"}, {"fields": {"level": 1, "image_location": "sadface.png", "pet": 3, "happiness_needed": 0, "description": "Melvin, level 1 required, 0 happiness required"}, "pk": 2, "model": "tracktivityPetsWebsite.mood"}, {"fields": {"level": 1, "image_location": "neutralface.png", "pet": 3, "happiness_needed": 25, "description": "Melvin, level 1 required, 25 happiness required"}, "pk": 3, "model": "tracktivityPetsWebsite.mood"}, {"fields": {"level": 1, "image_location": "happyface.png", "pet": 3, "happiness_needed": 50, "description": "Melvin, level 1 required, 50 happiness required"}, "pk": 4, "model": "tracktivityPetsWebsite.mood"}, {"fields": {"level": 1, "image_location": "reallyhappyface.png", "pet": 3, "happiness_needed": 75, "description": "Melvin, level 1 required, 75 happiness required"}, "pk": 5, "model": "tracktivityPetsWebsite.mood"}, {"fields": {"level": 1, "image_location": "overcharged.png", "pet": 3, "happiness_needed": 100, "description": "Melvin, level 1 required, 100 happiness required"}, "pk": 6, "model": "tracktivityPetsWebsite.mood"}, {"fields": {"level": 10, "image_location": "evolve_2_happy.png", "pet": 3, "happiness_needed": 75, "description": "Melvin, level 10 required, 75 happiness required"}, "pk": 7, "model": "tracktivityPetsWebsite.mood"}, {"fields": {"level": 1, "image_location": "TODO", "pet": 1, "happiness_needed": 0, "description": "TODO"}, "pk": 8, "model": "tracktivityPetsWebsite.mood"}, {"fields": {"level": 1, "image_location": "TODO", "pet": 2, "happiness_needed": 0, "description": "TODO"}, "pk": 9, "model": "tracktivityPetsWebsite.mood"}, {"fields": {"level": 1, "image_location": "happyface.png", "pet": 3, "happiness_needed": -1, "description": "Melvin, pet selection profile pic"}, "pk": 10, "model": "tracktivityPetsWebsite.mood"}, {"fields": {"level": 1, "image_location": "happyface.png", "pet": 2, "happiness_needed": -1, "description": "Sheldon, pet selection profile pic"}, "pk": 11, "model": "tracktivityPetsWebsite.mood"}, {"fields": {"level": 1, "image_location": "happyface.png", "pet": 1, "happiness_needed": -1, "description": "Sir Oinksalot, pet selection profile pic"}, "pk": 12, "model": "tracktivityPetsWebsite.mood"}, {"fields": {"mood": 2, "text": "Im sad"}, "pk": 1, "model": "tracktivityPetsWebsite.phrase"}, {"fields": {"mood": 2, "text": "Im unhappy"}, "pk": 2, "model": "tracktivityPetsWebsite.phrase"}, {"fields": {"mood": 5, "text": "I'm really happy"}, "pk": 3, "model": "tracktivityPetsWebsite.phrase"}, {"fields": {"mood": 5, "text": "I'm excited"}, "pk": 4, "model": "tracktivityPetsWebsite.phrase"}, {"fields": {"mood": 6, "text": "Im so overcharged"}, "pk": 5, "model": "tracktivityPetsWebsite.phrase"}, {"fields": {"mood": 3, "text": "Im neutral"}, "pk": 6, "model": "tracktivityPetsWebsite.phrase"}, {"fields": {"mood": 4, "text": "Im pretty happy"}, "pk": 7, "model": "tracktivityPetsWebsite.phrase"}, {"fields": {"mood": 7, "text": "IM SO PUMPED"}, "pk": 8, "model": "tracktivityPetsWebsite.phrase"}, {"fields": {"mood": 9, "text": "TODO"}, "pk": 9, "model": "tracktivityPetsWebsite.phrase"}, {"fields": {"mood": 8, "text": "TODO"}, "pk": 10, "model": "tracktivityPetsWebsite.phrase"}, {"fields": {"level_unlocked": 1, "pet": 3, "text": "Melvin is a fully sick bloke"}, "pk": 1, "model": "tracktivityPetsWebsite.story"}, {"fields": {"level_unlocked": 1, "pet": 2, "text": "Sheldon does stuff"}, "pk": 2, "model": "tracktivityPetsWebsite.story"}, {"fields": {"level_unlocked": 1, "pet": 1, "text": "Sir Oinksalot is a pig"}, "pk": 3, "model": "tracktivityPetsWebsite.story"}, {"fields": {"level_unlocked": 3, "pet": 3, "text": "When Melvin reached level 3 he became as fully sick as fully sick can be"}, "pk": 4, "model": "tracktivityPetsWebsite.story"}, {"fields": {"level_unlocked": 10, "pet": 3, "text": "Melvin reached maximum level and was stronger than the universe itself"}, "pk": 5, "model": "tracktivityPetsWebsite.story"}, {"fields": {"content_type": 1, "name": "Can add log entry", "codename": "add_logentry"}, "pk": 1, "model": "auth.permission"}, {"fields": {"content_type": 1, "name": "Can change log entry", "codename": "change_logentry"}, "pk": 2, "model": "auth.permission"}, {"fields": {"content_type": 1, "name": "Can delete log entry", "codename": "delete_logentry"}, "pk": 3, "model": "auth.permission"}, {"fields": {"content_type": 2, "name": "Can add permission", "codename": "add_permission"}, "pk": 4, "model": "auth.permission"}, {"fields": {"content_type": 2, "name": "Can change permission", "codename": "change_permission"}, "pk": 5, "model": "auth.permission"}, {"fields": {"content_type": 2, "name": "Can delete permission", "codename": "delete_permission"}, "pk": 6, "model": "auth.permission"}, {"fields": {"content_type": 3, "name": "Can add group", "codename": "add_group"}, "pk": 7, "model": "auth.permission"}, {"fields": {"content_type": 3, "name": "Can change group", "codename": "change_group"}, "pk": 8, "model": "auth.permission"}, {"fields": {"content_type": 3, "name": "Can delete group", "codename": "delete_group"}, "pk": 9, "model": "auth.permission"}, {"fields": {"content_type": 4, "name": "Can add user", "codename": "add_user"}, "pk": 10, "model": "auth.permission"}, {"fields": {"content_type": 4, "name": "Can change user", "codename": "change_user"}, "pk": 11, "model": "auth.permission"}, {"fields": {"content_type": 4, "name": "Can delete user", "codename": "delete_user"}, "pk": 12, "model": "auth.permission"}, {"fields": {"content_type": 5, "name": "Can add content type", "codename": "add_contenttype"}, "pk": 13, "model": "auth.permission"}, {"fields": {"content_type": 5, "name": "Can change content type", "codename": "change_contenttype"}, "pk": 14, "model": "auth.permission"}, {"fields": {"content_type": 5, "name": "Can delete content type", "codename": "delete_contenttype"}, "pk": 15, "model": "auth.permission"}, {"fields": {"content_type": 6, "name": "Can add session", "codename": "add_session"}, "pk": 16, "model": "auth.permission"}, {"fields": {"content_type": 6, "name": "Can change session", "codename": "change_session"}, "pk": 17, "model": "auth.permission"}, {"fields": {"content_type": 6, "name": "Can delete session", "codename": "delete_session"}, "pk": 18, "model": "auth.permission"}, {"fields": {"content_type": 7, "name": "Can add user fitbit", "codename": "add_userfitbit"}, "pk": 19, "model": "auth.permission"}, {"fields": {"content_type": 7, "name": "Can change user fitbit", "codename": "change_userfitbit"}, "pk": 20, "model": "auth.permission"}, {"fields": {"content_type": 7, "name": "Can delete user fitbit", "codename": "delete_userfitbit"}, "pk": 21, "model": "auth.permission"}, {"fields": {"content_type": 8, "name": "Can add time series data type", "codename": "add_timeseriesdatatype"}, "pk": 22, "model": "auth.permission"}, {"fields": {"content_type": 8, "name": "Can change time series data type", "codename": "change_timeseriesdatatype"}, "pk": 23, "model": "auth.permission"}, {"fields": {"content_type": 8, "name": "Can delete time series data type", "codename": "delete_timeseriesdatatype"}, "pk": 24, "model": "auth.permission"}, {"fields": {"content_type": 9, "name": "Can add time series data", "codename": "add_timeseriesdata"}, "pk": 25, "model": "auth.permission"}, {"fields": {"content_type": 9, "name": "Can change time series data", "codename": "change_timeseriesdata"}, "pk": 26, "model": "auth.permission"}, {"fields": {"content_type": 9, "name": "Can delete time series data", "codename": "delete_timeseriesdata"}, "pk": 27, "model": "auth.permission"}, {"fields": {"content_type": 10, "name": "Can add inventory", "codename": "add_inventory"}, "pk": 28, "model": "auth.permission"}, {"fields": {"content_type": 10, "name": "Can change inventory", "codename": "change_inventory"}, "pk": 29, "model": "auth.permission"}, {"fields": {"content_type": 10, "name": "Can delete inventory", "codename": "delete_inventory"}, "pk": 30, "model": "auth.permission"}, {"fields": {"content_type": 11, "name": "Can add level", "codename": "add_level"}, "pk": 31, "model": "auth.permission"}, {"fields": {"content_type": 11, "name": "Can change level", "codename": "change_level"}, "pk": 32, "model": "auth.permission"}, {"fields": {"content_type": 11, "name": "Can delete level", "codename": "delete_level"}, "pk": 33, "model": "auth.permission"}, {"fields": {"content_type": 12, "name": "Can add pet", "codename": "add_pet"}, "pk": 34, "model": "auth.permission"}, {"fields": {"content_type": 12, "name": "Can change pet", "codename": "change_pet"}, "pk": 35, "model": "auth.permission"}, {"fields": {"content_type": 12, "name": "Can delete pet", "codename": "delete_pet"}, "pk": 36, "model": "auth.permission"}, {"fields": {"content_type": 13, "name": "Can add collected pet", "codename": "add_collectedpet"}, "pk": 37, "model": "auth.permission"}, {"fields": {"content_type": 13, "name": "Can change collected pet", "codename": "change_collectedpet"}, "pk": 38, "model": "auth.permission"}, {"fields": {"content_type": 13, "name": "Can delete collected pet", "codename": "delete_collectedpet"}, "pk": 39, "model": "auth.permission"}, {"fields": {"content_type": 14, "name": "Can add profile", "codename": "add_profile"}, "pk": 40, "model": "auth.permission"}, {"fields": {"content_type": 14, "name": "Can change profile", "codename": "change_profile"}, "pk": 41, "model": "auth.permission"}, {"fields": {"content_type": 14, "name": "Can delete profile", "codename": "delete_profile"}, "pk": 42, "model": "auth.permission"}, {"fields": {"content_type": 15, "name": "Can add happiness", "codename": "add_happiness"}, "pk": 43, "model": "auth.permission"}, {"fields": {"content_type": 15, "name": "Can change happiness", "codename": "change_happiness"}, "pk": 44, "model": "auth.permission"}, {"fields": {"content_type": 15, "name": "Can delete happiness", "codename": "delete_happiness"}, "pk": 45, "model": "auth.permission"}, {"fields": {"content_type": 16, "name": "Can add experience", "codename": "add_experience"}, "pk": 46, "model": "auth.permission"}, {"fields": {"content_type": 16, "name": "Can change experience", "codename": "change_experience"}, "pk": 47, "model": "auth.permission"}, {"fields": {"content_type": 16, "name": "Can delete experience", "codename": "delete_experience"}, "pk": 48, "model": "auth.permission"}, {"fields": {"content_type": 17, "name": "Can add mood", "codename": "add_mood"}, "pk": 49, "model": "auth.permission"}, {"fields": {"content_type": 17, "name": "Can change mood", "codename": "change_mood"}, "pk": 50, "model": "auth.permission"}, {"fields": {"content_type": 17, "name": "Can delete mood", "codename": "delete_mood"}, "pk": 51, "model": "auth.permission"}, {"fields": {"content_type": 18, "name": "Can add phrase", "codename": "add_phrase"}, "pk": 52, "model": "auth.permission"}, {"fields": {"content_type": 18, "name": "Can change phrase", "codename": "change_phrase"}, "pk": 53, "model": "auth.permission"}, {"fields": {"content_type": 18, "name": "Can delete phrase", "codename": "delete_phrase"}, "pk": 54, "model": "auth.permission"}, {"fields": {"content_type": 19, "name": "Can add story", "codename": "add_story"}, "pk": 55, "model": "auth.permission"}, {"fields": {"content_type": 19, "name": "Can change story", "codename": "change_story"}, "pk": 56, "model": "auth.permission"}, {"fields": {"content_type": 19, "name": "Can delete story", "codename": "delete_story"}, "pk": 57, "model": "auth.permission"}, {"fields": {"date_joined": "2015-04-25T11:26:54Z", "groups": [], "is_active": true, "first_name": "", "last_login": "2015-05-07T11:19:35.571Z", "last_name": "", "email": "andrew-jones@mail.com", "is_staff": true, "is_superuser": true, "username": "andrew", "password": "pbkdf2_sha256$20000$MubFFh8QPLQr$c0UsoZKjGQrB0V7aivrhGRDrQh85mDBIgiGIggZVoYs=", "user_permissions": []}, "pk": 1, "model": "auth.user"}, {"fields": {"date_joined": "2015-04-25T13:42:57Z", "groups": [], "is_active": true, "first_name": "", "last_login": "2015-05-08T03:32:30.262Z", "last_name": "", "email": "john@test.com", "is_staff": true, "is_superuser": true, "username": "john", "password": "pbkdf2_sha256$20000$XHdsSm0jkA7N$R7NSPDnh0SLEsQGd7vVUBu+X/Gt01Q1sGnnUqU0fA4E=", "user_permissions": []}, "pk": 2, "model": "auth.user"}, {"fields": {"date_joined": "2015-04-25T13:43:21Z", "groups": [], "is_active": true, "first_name": "", "last_login": "2015-05-12T06:48:28.819Z", "last_name": "", "email": "bridgette@test.com", "is_staff": true, "is_superuser": true, "username": "bridgette", "password": "pbkdf2_sha256$20000$5mcRoG4rS3TF$6TjErcUL53zVS/CSsGt6yfHYb2Kdg7ELxnQju6r4epc=", "user_permissions": []}, "pk": 3, "model": "auth.user"}, {"fields": {"date_joined": "2015-04-25T13:43:35Z", "groups": [], "is_active": true, "first_name": "", "last_login": null, "last_name": "", "email": "josh@test.com", "is_staff": true, "is_superuser": true, "username": "josh", "password": "pbkdf2_sha256$20000$u77U6QsHfdhv$m+QJ25LHDzOJs3j+0hTx4IELz/CJouNno4dEWpVj3/o=", "user_permissions": []}, "pk": 4, "model": "auth.user"}, {"fields": {"date_joined": "2015-04-25T13:43:49Z", "groups": [], "is_active": true, "first_name": "", "last_login": null, "last_name": "", "email": "ruben@test.com", "is_staff": true, "is_superuser": true, "username": "ruben", "password": "pbkdf2_sha256$20000$VXdGIcv2pRU2$y+uV1egWcmJpwh3fhuf/Tc6kD6uJ0Y/cBV2gbTacivg=", "user_permissions": []}, "pk": 5, "model": "auth.user"}, {"fields": {"date_joined": "2015-04-25T13:44:07Z", "groups": [], "is_active": true, "first_name": "", "last_login": "2015-05-07T10:24:56.669Z", "last_name": "", "email": "cameron@test.com", "is_staff": true, "is_superuser": true, "username": "cameron", "password": "pbkdf2_sha256$20000$H8J3S45pIUKJ$w8YxR7whC2/0wEM57UIq9vdYRUpiO1hHB3HJ+KicPVM=", "user_permissions": []}, "pk": 6, "model": "auth.user"}, {"fields": {"date_joined": "2015-04-25T13:44:22Z", "groups": [], "is_active": true, "first_name": "", "last_login": null, "last_name": "", "email": "eric@test.com", "is_staff": true, "is_superuser": true, "username": "eric", "password": "pbkdf2_sha256$20000$PcUHFAtlF2PH$h3VqcI/zI1VBfeJPUvuvPoLE3B/v3870cs0k7b47NiE=", "user_permissions": []}, "pk": 7, "model": "auth.user"}, {"fields": {"date_joined": "2015-05-07T00:28:34.124Z", "groups": [], "is_active": true, "first_name": "swag", "last_login": "2015-05-07T00:28:34.124Z", "last_name": "swaggyd", "email": "s.swaggyd@test.com", "is_staff": false, "is_superuser": false, "username": "swaggah", "password": "pbkdf2_sha256$15000$xTDoapyXBJ1G$9OgsWxSVkLzn7BWQNTNxG45ne2CiJhJiKxZfyJZt0Hk=", "user_permissions": []}, "pk": 25, "model": "auth.user"}, {"fields": {"date_joined": "2015-05-07T10:58:08.308Z", "groups": [], "is_active": true, "first_name": "swag", "last_login": "2015-05-10T10:58:09.106Z", "last_name": "olicious", "email": "swagolicious@test.com", "is_staff": false, "is_superuser": false, "username": "swaggy", "password": "pbkdf2_sha256$20000$8akq7Gp2EdUy$KyuITGfpfOZIPHpeQ3SDdHIym7fOogbpMevwDpKi2Qo=", "user_permissions": []}, "pk": 30, "model": "auth.user"}, {"fields": {"user": 3, "auth_secret": "33f2c444da03c8b954e8aaf75287701f", "auth_token": "bd320f093f02f01a6902f38395e02029", "fitbit_user": "38NXDJ"}, "pk": 16, "model": "fitapp.userfitbit"}, {"fields": {"user": 1, "last_fitbit_sync": null, "inventory": 18, "total_pet_pennies": 0, "current_pet": 4}, "pk": 10, "model": "tracktivityPetsWebsite.profile"}, {"fields": {"user": 2, "last_fitbit_sync": "2015-05-08T03:20:20Z", "inventory": 19, "total_pet_pennies": 0, "current_pet": 6}, "pk": 11, "model": "tracktivityPetsWebsite.profile"}, {"fields": {"user": 3, "last_fitbit_sync": "2015-05-12T00:00:00Z", "inventory": 20, "total_pet_pennies": 0, "current_pet": 5}, "pk": 12, "model": "tracktivityPetsWebsite.profile"}, {"fields": {"user": 4, "last_fitbit_sync": null, "inventory": 21, "total_pet_pennies": 0, "current_pet": null}, "pk": 13, "model": "tracktivityPetsWebsite.profile"}, {"fields": {"user": 5, "last_fitbit_sync": null, "inventory": 22, "total_pet_pennies": 0, "current_pet": null}, "pk": 14, "model": "tracktivityPetsWebsite.profile"}, {"fields": {"user": 6, "last_fitbit_sync": null, "inventory": 23, "total_pet_pennies": 0, "current_pet": null}, "pk": 15, "model": "tracktivityPetsWebsite.profile"}, {"fields": {"user": 7, "last_fitbit_sync": null, "inventory": 24, "total_pet_pennies": 0, "current_pet": null}, "pk": 16, "model": "tracktivityPetsWebsite.profile"}, {"fields": {"user": 25, "last_fitbit_sync": null, "inventory": 26, "total_pet_pennies": 0, "current_pet": null}, "pk": 18, "model": "tracktivityPetsWebsite.profile"}, {"fields": {"user": 30, "last_fitbit_sync": null, "inventory": 31, "total_pet_pennies": 0, "current_pet": null}, "pk": 23, "model": "tracktivityPetsWebsite.profile"}, {"fields": {"content_type": 11, "action_time": "2015-04-25T11:27:36.583Z", "object_id": "1", "user": 1, "change_message": "", "action_flag": 1, "object_repr": "Level object"}, "pk": 1, "model": "admin.logentry"}, {"fields": {"content_type": 11, "action_time": "2015-04-25T11:27:42.191Z", "object_id": "2", "user": 1, "change_message": "", "action_flag": 1, "object_repr": "Level object"}, "pk": 2, "model": "admin.logentry"}, {"fields": {"content_type": 11, "action_time": "2015-04-25T11:27:47.820Z", "object_id": "3", "user": 1, "change_message": "", "action_flag": 1, "object_repr": "Level object"}, "pk": 3, "model": "admin.logentry"}, {"fields": {"content_type": 11, "action_time": "2015-04-25T11:27:53.875Z", "object_id": "4", "user": 1, "change_message": "", "action_flag": 1, "object_repr": "Level object"}, "pk": 4, "model": "admin.logentry"}, {"fields": {"content_type": 11, "action_time": "2015-04-25T11:28:00.216Z", "object_id": "5", "user": 1, "change_message": "", "action_flag": 1, "object_repr": "Level object"}, "pk": 5, "model": "admin.logentry"}, {"fields": {"content_type": 11, "action_time": "2015-04-25T11:28:13.471Z", "object_id": "6", "user": 1, "change_message": "", "action_flag": 1, "object_repr": "Level object"}, "pk": 6, "model": "admin.logentry"}, {"fields": {"content_type": 11, "action_time": "2015-04-25T11:28:21.052Z", "object_id": "7", "user": 1, "change_message": "", "action_flag": 1, "object_repr": "Level object"}, "pk": 7, "model": "admin.logentry"}, {"fields": {"content_type": 11, "action_time": "2015-04-25T11:28:30.065Z", "object_id": "8", "user": 1, "change_message": "", "action_flag": 1, "object_repr": "Level object"}, "pk": 8, "model": "admin.logentry"}, {"fields": {"content_type": 11, "action_time": "2015-04-25T11:28:50.196Z", "object_id": "9", "user": 1, "change_message": "", "action_flag": 1, "object_repr": "Level object"}, "pk": 9, "model": "admin.logentry"}, {"fields": {"content_type": 11, "action_time": "2015-04-25T11:28:58.119Z", "object_id": "10", "user": 1, "change_message": "", "action_flag": 1, "object_repr": "Level object"}, "pk": 10, "model": "admin.logentry"}, {"fields": {"content_type": 12, "action_time": "2015-04-25T11:32:11.018Z", "object_id": "1", "user": 1, "change_message": "", "action_flag": 1, "object_repr": "Sir Oinksalot"}, "pk": 11, "model": "admin.logentry"}, {"fields": {"content_type": 12, "action_time": "2015-04-25T11:32:26.858Z", "object_id": "2", "user": 1, "change_message": "", "action_flag": 1, "object_repr": "Sheldon"}, "pk": 12, "model": "admin.logentry"}, {"fields": {"content_type": 12, "action_time": "2015-04-25T11:32:36.759Z", "object_id": "3", "user": 1, "change_message": "", "action_flag": 1, "object_repr": "Melvin"}, "pk": 13, "model": "admin.logentry"}, {"fields": {"content_type": 12, "action_time": "2015-04-25T11:39:13.100Z", "object_id": "3", "user": 1, "change_message": "Added mood \"Mood object\".", "action_flag": 2, "object_repr": "Melvin"}, "pk": 14, "model": "admin.logentry"}, {"fields": {"content_type": 12, "action_time": "2015-04-25T11:42:34.260Z", "object_id": "3", "user": 1, "change_message": "Changed image for mood \"Mood object\".", "action_flag": 2, "object_repr": "Melvin"}, "pk": 15, "model": "admin.logentry"}, {"fields": {"content_type": 12, "action_time": "2015-04-25T11:42:50.896Z", "object_id": "3", "user": 1, "change_message": "Deleted mood \"Mood object\".", "action_flag": 2, "object_repr": "Melvin"}, "pk": 16, "model": "admin.logentry"}, {"fields": {"content_type": 12, "action_time": "2015-04-25T11:43:39.614Z", "object_id": "3", "user": 1, "change_message": "Added mood \"Mood object\".", "action_flag": 2, "object_repr": "Melvin"}, "pk": 17, "model": "admin.logentry"}, {"fields": {"content_type": 12, "action_time": "2015-04-25T11:59:49.565Z", "object_id": "3", "user": 1, "change_message": "Changed image_location for mood \"Mood object\".", "action_flag": 2, "object_repr": "Melvin"}, "pk": 18, "model": "admin.logentry"}, {"fields": {"content_type": 12, "action_time": "2015-04-25T12:10:12.456Z", "object_id": "3", "user": 1, "change_message": "Added mood \"Mood object\". Added mood \"Mood object\". Added mood \"Mood object\". Changed happiness_needed and image_location for mood \"Mood object\".", "action_flag": 2, "object_repr": "Melvin"}, "pk": 19, "model": "admin.logentry"}, {"fields": {"content_type": 12, "action_time": "2015-04-25T12:13:06.993Z", "object_id": "3", "user": 1, "change_message": "No fields changed.", "action_flag": 2, "object_repr": "Melvin"}, "pk": 20, "model": "admin.logentry"}, {"fields": {"content_type": 12, "action_time": "2015-04-25T12:22:44.183Z", "object_id": "3", "user": 1, "change_message": "Changed level for mood \"Melvin: 0 happiness.\". Changed level for mood \"Melvin: 25 happiness.\". Changed level for mood \"Melvin: 50 happiness.\". Changed level for mood \"Melvin: 75 happiness.\".", "action_flag": 2, "object_repr": "Melvin"}, "pk": 21, "model": "admin.logentry"}, {"fields": {"content_type": 18, "action_time": "2015-04-25T12:31:09.248Z", "object_id": "1", "user": 1, "change_message": "", "action_flag": 1, "object_repr": "Phrase object"}, "pk": 22, "model": "admin.logentry"}, {"fields": {"content_type": 18, "action_time": "2015-04-25T12:31:15.209Z", "object_id": "2", "user": 1, "change_message": "", "action_flag": 1, "object_repr": "Phrase object"}, "pk": 23, "model": "admin.logentry"}, {"fields": {"content_type": 12, "action_time": "2015-04-25T12:44:15.804Z", "object_id": "3", "user": 1, "change_message": "Changed description for mood \"Melvin, level 1 required, 0 happiness required\". Changed description for mood \"Melvin, level 1 required, 25 happiness required\". Changed description for mood \"Melvin, level 1 required, 50 happiness required\". Changed description for mood \"Melvin, level 1 required, 75 happiness required\".", "action_flag": 2, "object_repr": "Melvin"}, "pk": 24, "model": "admin.logentry"}, {"fields": {"content_type": 17, "action_time": "2015-04-25T12:46:40.903Z", "object_id": "5", "user": 1, "change_message": "Added phrase \"I'm so happy\".", "action_flag": 2, "object_repr": "Melvin, level 1 required, 75 happiness required"}, "pk": 25, "model": "admin.logentry"}, {"fields": {"content_type": 17, "action_time": "2015-04-25T12:46:55.950Z", "object_id": "5", "user": 1, "change_message": "Added phrase \"I am excited\".", "action_flag": 2, "object_repr": "Melvin, level 1 required, 75 happiness required"}, "pk": 26, "model": "admin.logentry"}, {"fields": {"content_type": 17, "action_time": "2015-04-25T12:47:04.336Z", "object_id": "5", "user": 1, "change_message": "Changed text for phrase \"I'm excited\".", "action_flag": 2, "object_repr": "Melvin, level 1 required, 75 happiness required"}, "pk": 27, "model": "admin.logentry"}, {"fields": {"content_type": 4, "action_time": "2015-04-25T13:42:57.715Z", "object_id": "2", "user": 1, "change_message": "", "action_flag": 1, "object_repr": "john"}, "pk": 28, "model": "admin.logentry"}, {"fields": {"content_type": 4, "action_time": "2015-04-25T13:43:10.881Z", "object_id": "2", "user": 1, "change_message": "Changed email.", "action_flag": 2, "object_repr": "john"}, "pk": 29, "model": "admin.logentry"}, {"fields": {"content_type": 4, "action_time": "2015-04-25T13:43:21.647Z", "object_id": "3", "user": 1, "change_message": "", "action_flag": 1, "object_repr": "bridgette"}, "pk": 30, "model": "admin.logentry"}, {"fields": {"content_type": 4, "action_time": "2015-04-25T13:43:27.625Z", "object_id": "3", "user": 1, "change_message": "Changed email.", "action_flag": 2, "object_repr": "bridgette"}, "pk": 31, "model": "admin.logentry"}, {"fields": {"content_type": 4, "action_time": "2015-04-25T13:43:35.920Z", "object_id": "4", "user": 1, "change_message": "", "action_flag": 1, "object_repr": "josh"}, "pk": 32, "model": "admin.logentry"}, {"fields": {"content_type": 4, "action_time": "2015-04-25T13:43:41.165Z", "object_id": "4", "user": 1, "change_message": "Changed email.", "action_flag": 2, "object_repr": "josh"}, "pk": 33, "model": "admin.logentry"}, {"fields": {"content_type": 4, "action_time": "2015-04-25T13:43:49.826Z", "object_id": "5", "user": 1, "change_message": "", "action_flag": 1, "object_repr": "ruben"}, "pk": 34, "model": "admin.logentry"}, {"fields": {"content_type": 4, "action_time": "2015-04-25T13:43:57.403Z", "object_id": "5", "user": 1, "change_message": "Changed email.", "action_flag": 2, "object_repr": "ruben"}, "pk": 35, "model": "admin.logentry"}, {"fields": {"content_type": 4, "action_time": "2015-04-25T13:44:07.924Z", "object_id": "6", "user": 1, "change_message": "", "action_flag": 1, "object_repr": "cameron"}, "pk": 36, "model": "admin.logentry"}, {"fields": {"content_type": 4, "action_time": "2015-04-25T13:44:13.825Z", "object_id": "6", "user": 1, "change_message": "Changed email.", "action_flag": 2, "object_repr": "cameron"}, "pk": 37, "model": "admin.logentry"}, {"fields": {"content_type": 4, "action_time": "2015-04-25T13:44:22.777Z", "object_id": "7", "user": 1, "change_message": "", "action_flag": 1, "object_repr": "eric"}, "pk": 38, "model": "admin.logentry"}, {"fields": {"content_type": 4, "action_time": "2015-04-25T13:44:26.830Z", "object_id": "7", "user": 1, "change_message": "Changed email.", "action_flag": 2, "object_repr": "eric"}, "pk": 39, "model": "admin.logentry"}, {"fields": {"content_type": 4, "action_time": "2015-04-25T13:44:55.483Z", "object_id": "3", "user": 1, "change_message": "Changed is_superuser.", "action_flag": 2, "object_repr": "bridgette"}, "pk": 40, "model": "admin.logentry"}, {"fields": {"content_type": 4, "action_time": "2015-04-25T13:45:02.035Z", "object_id": "3", "user": 1, "change_message": "No fields changed.", "action_flag": 2, "object_repr": "bridgette"}, "pk": 41, "model": "admin.logentry"}, {"fields": {"content_type": 4, "action_time": "2015-04-25T13:45:07.243Z", "object_id": "3", "user": 1, "change_message": "Changed is_staff.", "action_flag": 2, "object_repr": "bridgette"}, "pk": 42, "model": "admin.logentry"}, {"fields": {"content_type": 4, "action_time": "2015-04-25T13:45:11.071Z", "object_id": "6", "user": 1, "change_message": "Changed is_staff and is_superuser.", "action_flag": 2, "object_repr": "cameron"}, "pk": 43, "model": "admin.logentry"}, {"fields": {"content_type": 4, "action_time": "2015-04-25T13:45:18.683Z", "object_id": "7", "user": 1, "change_message": "Changed is_staff and is_superuser.", "action_flag": 2, "object_repr": "eric"}, "pk": 44, "model": "admin.logentry"}, {"fields": {"content_type": 4, "action_time": "2015-04-25T13:45:24.565Z", "object_id": "2", "user": 1, "change_message": "Changed is_staff and is_superuser.", "action_flag": 2, "object_repr": "john"}, "pk": 45, "model": "admin.logentry"}, {"fields": {"content_type": 4, "action_time": "2015-04-25T13:45:31.138Z", "object_id": "4", "user": 1, "change_message": "Changed is_staff and is_superuser.", "action_flag": 2, "object_repr": "josh"}, "pk": 46, "model": "admin.logentry"}, {"fields": {"content_type": 4, "action_time": "2015-04-25T13:45:38.563Z", "object_id": "5", "user": 1, "change_message": "Changed is_staff and is_superuser.", "action_flag": 2, "object_repr": "ruben"}, "pk": 47, "model": "admin.logentry"}, {"fields": {"content_type": 12, "action_time": "2015-04-26T02:10:25.728Z", "object_id": "3", "user": 1, "change_message": "Added mood \"Melvin, level 1 required, 100 happiness required\".", "action_flag": 2, "object_repr": "Melvin"}, "pk": 48, "model": "admin.logentry"}, {"fields": {"content_type": 12, "action_time": "2015-05-01T06:22:58.845Z", "object_id": "3", "user": 1, "change_message": "Added story \"Story object\".", "action_flag": 2, "object_repr": "Melvin"}, "pk": 49, "model": "admin.logentry"}, {"fields": {"content_type": 10, "action_time": "2015-05-01T08:53:13.527Z", "object_id": "1", "user": 1, "change_message": "", "action_flag": 3, "object_repr": "Inventory object"}, "pk": 50, "model": "admin.logentry"}, {"fields": {"content_type": 4, "action_time": "2015-05-01T08:54:44.203Z", "object_id": "8", "user": 1, "change_message": "", "action_flag": 3, "object_repr": "bobby"}, "pk": 51, "model": "admin.logentry"}, {"fields": {"content_type": 4, "action_time": "2015-05-01T09:06:34.788Z", "object_id": "9", "user": 1, "change_message": "", "action_flag": 3, "object_repr": "bobby"}, "pk": 52, "model": "admin.logentry"}, {"fields": {"content_type": 4, "action_time": "2015-05-01T09:13:01.712Z", "object_id": "10", "user": 1, "change_message": "", "action_flag": 3, "object_repr": "bobby"}, "pk": 53, "model": "admin.logentry"}, {"fields": {"content_type": 10, "action_time": "2015-05-01T09:15:51.570Z", "object_id": "4", "user": 1, "change_message": "Added collected pet \"Sir Oinksalot: yolo\".", "action_flag": 2, "object_repr": "4"}, "pk": 54, "model": "admin.logentry"}, {"fields": {"content_type": 4, "action_time": "2015-05-01T09:20:38.281Z", "object_id": "11", "user": 1, "change_message": "", "action_flag": 3, "object_repr": "bobby"}, "pk": 55, "model": "admin.logentry"}, {"fields": {"content_type": 4, "action_time": "2015-05-01T09:21:23.907Z", "object_id": "12", "user": 1, "change_message": "", "action_flag": 3, "object_repr": "bobby"}, "pk": 56, "model": "admin.logentry"}, {"fields": {"content_type": 4, "action_time": "2015-05-01T09:22:43.099Z", "object_id": "13", "user": 1, "change_message": "", "action_flag": 3, "object_repr": "bobby"}, "pk": 57, "model": "admin.logentry"}, {"fields": {"content_type": 10, "action_time": "2015-05-01T09:23:17.918Z", "object_id": "7", "user": 1, "change_message": "", "action_flag": 3, "object_repr": "7"}, "pk": 58, "model": "admin.logentry"}, {"fields": {"content_type": 10, "action_time": "2015-05-01T09:23:17.924Z", "object_id": "6", "user": 1, "change_message": "", "action_flag": 3, "object_repr": "6"}, "pk": 59, "model": "admin.logentry"}, {"fields": {"content_type": 10, "action_time": "2015-05-01T09:23:17.928Z", "object_id": "5", "user": 1, "change_message": "", "action_flag": 3, "object_repr": "5"}, "pk": 60, "model": "admin.logentry"}, {"fields": {"content_type": 10, "action_time": "2015-05-01T09:23:17.933Z", "object_id": "4", "user": 1, "change_message": "", "action_flag": 3, "object_repr": "4"}, "pk": 61, "model": "admin.logentry"}, {"fields": {"content_type": 10, "action_time": "2015-05-01T09:23:17.937Z", "object_id": "3", "user": 1, "change_message": "", "action_flag": 3, "object_repr": "3"}, "pk": 62, "model": "admin.logentry"}, {"fields": {"content_type": 10, "action_time": "2015-05-01T09:23:17.942Z", "object_id": "2", "user": 1, "change_message": "", "action_flag": 3, "object_repr": "2"}, "pk": 63, "model": "admin.logentry"}, {"fields": {"content_type": 4, "action_time": "2015-05-01T09:23:24.578Z", "object_id": "14", "user": 1, "change_message": "", "action_flag": 3, "object_repr": "bobby"}, "pk": 64, "model": "admin.logentry"}, {"fields": {"content_type": 4, "action_time": "2015-05-01T09:24:23.646Z", "object_id": "15", "user": 1, "change_message": "", "action_flag": 3, "object_repr": "bobby"}, "pk": 65, "model": "admin.logentry"}, {"fields": {"content_type": 10, "action_time": "2015-05-01T09:24:29.312Z", "object_id": "8", "user": 1, "change_message": "", "action_flag": 3, "object_repr": "8"}, "pk": 66, "model": "admin.logentry"}, {"fields": {"content_type": 4, "action_time": "2015-05-05T07:35:25.898Z", "object_id": "1", "user": 3, "change_message": "No fields changed.", "action_flag": 2, "object_repr": "andrew"}, "pk": 67, "model": "admin.logentry"}, {"fields": {"content_type": 4, "action_time": "2015-05-05T07:45:41.672Z", "object_id": "17", "user": 3, "change_message": "", "action_flag": 1, "object_repr": "bob420"}, "pk": 68, "model": "admin.logentry"}, {"fields": {"content_type": 4, "action_time": "2015-05-05T07:46:50.874Z", "object_id": "17", "user": 3, "change_message": "", "action_flag": 3, "object_repr": "bob420"}, "pk": 69, "model": "admin.logentry"}, {"fields": {"content_type": 4, "action_time": "2015-05-05T07:53:56.811Z", "object_id": "18", "user": 3, "change_message": "", "action_flag": 1, "object_repr": "bob420"}, "pk": 70, "model": "admin.logentry"}, {"fields": {"content_type": 4, "action_time": "2015-05-05T07:54:31.918Z", "object_id": "18", "user": 3, "change_message": "", "action_flag": 3, "object_repr": "bob420"}, "pk": 71, "model": "admin.logentry"}, {"fields": {"content_type": 4, "action_time": "2015-05-05T07:54:51.660Z", "object_id": "16", "user": 3, "change_message": "", "action_flag": 3, "object_repr": "bobby"}, "pk": 72, "model": "admin.logentry"}, {"fields": {"content_type": 10, "action_time": "2015-05-05T07:55:19.837Z", "object_id": "11", "user": 3, "change_message": "", "action_flag": 3, "object_repr": "Inventory object"}, "pk": 73, "model": "admin.logentry"}, {"fields": {"content_type": 10, "action_time": "2015-05-05T07:55:19.843Z", "object_id": "10", "user": 3, "change_message": "", "action_flag": 3, "object_repr": "Inventory object"}, "pk": 74, "model": "admin.logentry"}, {"fields": {"content_type": 4, "action_time": "2015-05-05T07:55:48.799Z", "object_id": "19", "user": 3, "change_message": "", "action_flag": 1, "object_repr": "b"}, "pk": 75, "model": "admin.logentry"}, {"fields": {"content_type": 4, "action_time": "2015-05-05T07:56:08.681Z", "object_id": "19", "user": 3, "change_message": "", "action_flag": 3, "object_repr": "b"}, "pk": 76, "model": "admin.logentry"}, {"fields": {"content_type": 10, "action_time": "2015-05-05T08:02:35.248Z", "object_id": "12", "user": 3, "change_message": "", "action_flag": 3, "object_repr": "Inventory object"}, "pk": 77, "model": "admin.logentry"}, {"fields": {"content_type": 4, "action_time": "2015-05-05T08:04:54.895Z", "object_id": "20", "user": 3, "change_message": "", "action_flag": 1, "object_repr": "bob"}, "pk": 78, "model": "admin.logentry"}, {"fields": {"content_type": 4, "action_time": "2015-05-05T08:08:37.937Z", "object_id": "20", "user": 3, "change_message": "", "action_flag": 3, "object_repr": "bob"}, "pk": 79, "model": "admin.logentry"}, {"fields": {"content_type": 10, "action_time": "2015-05-05T08:09:29.742Z", "object_id": "13", "user": 3, "change_message": "", "action_flag": 3, "object_repr": "Inventory object"}, "pk": 80, "model": "admin.logentry"}, {"fields": {"content_type": 4, "action_time": "2015-05-05T08:09:51.466Z", "object_id": "21", "user": 3, "change_message": "", "action_flag": 1, "object_repr": "bob"}, "pk": 81, "model": "admin.logentry"}, {"fields": {"content_type": 4, "action_time": "2015-05-05T08:12:44.693Z", "object_id": "21", "user": 3, "change_message": "", "action_flag": 3, "object_repr": "bob"}, "pk": 82, "model": "admin.logentry"}, {"fields": {"content_type": 10, "action_time": "2015-05-05T08:13:35.486Z", "object_id": "14", "user": 3, "change_message": "", "action_flag": 3, "object_repr": "Inventory object"}, "pk": 83, "model": "admin.logentry"}, {"fields": {"content_type": 4, "action_time": "2015-05-05T08:13:45.039Z", "object_id": "22", "user": 3, "change_message": "", "action_flag": 1, "object_repr": "bob"}, "pk": 84, "model": "admin.logentry"}, {"fields": {"content_type": 4, "action_time": "2015-05-05T08:14:00.474Z", "object_id": "22", "user": 3, "change_message": "", "action_flag": 3, "object_repr": "bob"}, "pk": 85, "model": "admin.logentry"}, {"fields": {"content_type": 4, "action_time": "2015-05-05T08:18:53.943Z", "object_id": "23", "user": 3, "change_message": "", "action_flag": 1, "object_repr": "b2"}, "pk": 86, "model": "admin.logentry"}, {"fields": {"content_type": 4, "action_time": "2015-05-05T08:20:18.327Z", "object_id": "23", "user": 3, "change_message": "", "action_flag": 3, "object_repr": "b2"}, "pk": 87, "model": "admin.logentry"}, {"fields": {"content_type": 10, "action_time": "2015-05-05T08:21:54.161Z", "object_id": "15", "user": 3, "change_message": "", "action_flag": 3, "object_repr": "DELETE ME"}, "pk": 88, "model": "admin.logentry"}, {"fields": {"content_type": 10, "action_time": "2015-05-05T08:26:18.600Z", "object_id": "17", "user": 3, "change_message": "", "action_flag": 3, "object_repr": "DELETE ME"}, "pk": 89, "model": "admin.logentry"}, {"fields": {"content_type": 10, "action_time": "2015-05-05T08:26:18.605Z", "object_id": "16", "user": 3, "change_message": "", "action_flag": 3, "object_repr": "DELETE ME"}, "pk": 90, "model": "admin.logentry"}, {"fields": {"content_type": 10, "action_time": "2015-05-05T10:06:01.232Z", "object_id": "20", "user": 3, "change_message": "Added collected pet \"Sir Oinksalot: Alan\".", "action_flag": 2, "object_repr": "bridgette@test.com inventory"}, "pk": 91, "model": "admin.logentry"}, {"fields": {"content_type": 4, "action_time": "2015-05-05T12:00:47.607Z", "object_id": "3", "user": 3, "change_message": "Changed last_fitbit_sync for profile \"bridgette@test.com profile\".", "action_flag": 2, "object_repr": "bridgette"}, "pk": 92, "model": "admin.logentry"}, {"fields": {"content_type": 4, "action_time": "2015-05-05T12:13:44.324Z", "object_id": "3", "user": 3, "change_message": "Changed last_fitbit_sync for profile \"bridgette@test.com profile\".", "action_flag": 2, "object_repr": "bridgette"}, "pk": 93, "model": "admin.logentry"}, {"fields": {"content_type": 10, "action_time": "2015-05-05T12:21:26.141Z", "object_id": "18", "user": 3, "change_message": "Added collected pet \"Sir Oinksalot: Dayuuuum\".", "action_flag": 2, "object_repr": "andrew-jones@mail.com inventory"}, "pk": 94, "model": "admin.logentry"}, {"fields": {"content_type": 4, "action_time": "2015-05-05T12:30:14.812Z", "object_id": "1", "user": 3, "change_message": "Changed current_pet for profile \"andrew-jones@mail.com profile\".", "action_flag": 2, "object_repr": "andrew"}, "pk": 95, "model": "admin.logentry"}, {"fields": {"content_type": 4, "action_time": "2015-05-05T12:31:38.924Z", "object_id": "24", "user": 3, "change_message": "", "action_flag": 1, "object_repr": "bbbb"}, "pk": 96, "model": "admin.logentry"}, {"fields": {"content_type": 10, "action_time": "2015-05-05T13:04:14.628Z", "object_id": "18", "user": 3, "change_message": "Changed date_created for collected pet \"Sir Oinksalot: Dayuuuum\".", "action_flag": 2, "object_repr": "andrew-jones@mail.com inventory"}, "pk": 97, "model": "admin.logentry"}, {"fields": {"content_type": 10, "action_time": "2015-05-05T13:04:48.875Z", "object_id": "18", "user": 3, "change_message": "Changed date_created for collected pet \"Sir Oinksalot: Dayuuuum\".", "action_flag": 2, "object_repr": "andrew-jones@mail.com inventory"}, "pk": 98, "model": "admin.logentry"}, {"fields": {"content_type": 10, "action_time": "2015-05-05T13:05:09.126Z", "object_id": "18", "user": 3, "change_message": "Changed date_created for collected pet \"Sir Oinksalot: Dayuuuum\".", "action_flag": 2, "object_repr": "andrew-jones@mail.com inventory"}, "pk": 99, "model": "admin.logentry"}, {"fields": {"content_type": 10, "action_time": "2015-05-05T13:06:13.242Z", "object_id": "18", "user": 3, "change_message": "Changed date_created for collected pet \"Sir Oinksalot: Dayuuuum\".", "action_flag": 2, "object_repr": "andrew-jones@mail.com inventory"}, "pk": 100, "model": "admin.logentry"}, {"fields": {"content_type": 10, "action_time": "2015-05-05T13:06:22.761Z", "object_id": "20", "user": 3, "change_message": "Changed date_created for collected pet \"Sir Oinksalot: Alan\".", "action_flag": 2, "object_repr": "bridgette@test.com inventory"}, "pk": 101, "model": "admin.logentry"}, {"fields": {"content_type": 4, "action_time": "2015-05-06T02:30:58.646Z", "object_id": "24", "user": 3, "change_message": "", "action_flag": 3, "object_repr": "bbbb"}, "pk": 102, "model": "admin.logentry"}, {"fields": {"content_type": 10, "action_time": "2015-05-06T02:31:04.507Z", "object_id": "25", "user": 3, "change_message": "", "action_flag": 3, "object_repr": "DELETE ME"}, "pk": 103, "model": "admin.logentry"}, {"fields": {"content_type": 10, "action_time": "2015-05-06T03:15:10.067Z", "object_id": "20", "user": 3, "change_message": "Added collected pet \"Melvin: Melv\".", "action_flag": 2, "object_repr": "bridgette@test.com inventory"}, "pk": 104, "model": "admin.logentry"}, {"fields": {"content_type": 4, "action_time": "2015-05-06T03:15:45.795Z", "object_id": "3", "user": 3, "change_message": "Changed current_pet and last_fitbit_sync for profile \"bridgette@test.com profile\".", "action_flag": 2, "object_repr": "bridgette"}, "pk": 105, "model": "admin.logentry"}, {"fields": {"content_type": 10, "action_time": "2015-05-06T03:16:27.019Z", "object_id": "20", "user": 3, "change_message": "Deleted collected pet \"Sir Oinksalot: Alan\".", "action_flag": 2, "object_repr": "bridgette@test.com inventory"}, "pk": 106, "model": "admin.logentry"}, {"fields": {"content_type": 12, "action_time": "2015-05-06T03:28:03.311Z", "object_id": "3", "user": 3, "change_message": "Added mood \"Melvin, level 10 required, 75 happiness required\".", "action_flag": 2, "object_repr": "Melvin"}, "pk": 107, "model": "admin.logentry"}, {"fields": {"content_type": 17, "action_time": "2015-05-06T03:40:31.217Z", "object_id": "6", "user": 3, "change_message": "Added phrase \"Im so overcharged\".", "action_flag": 2, "object_repr": "Melvin, level 1 required, 100 happiness required"}, "pk": 108, "model": "admin.logentry"}, {"fields": {"content_type": 17, "action_time": "2015-05-07T09:52:22.596Z", "object_id": "3", "user": 3, "change_message": "Added phrase \"Im neutral\".", "action_flag": 2, "object_repr": "Melvin, level 1 required, 25 happiness required"}, "pk": 109, "model": "admin.logentry"}, {"fields": {"content_type": 17, "action_time": "2015-05-07T09:52:37.780Z", "object_id": "4", "user": 3, "change_message": "Added phrase \"Im pretty happy\".", "action_flag": 2, "object_repr": "Melvin, level 1 required, 50 happiness required"}, "pk": 110, "model": "admin.logentry"}, {"fields": {"content_type": 17, "action_time": "2015-05-07T09:52:45.273Z", "object_id": "5", "user": 3, "change_message": "Changed text for phrase \"I'm really happy\".", "action_flag": 2, "object_repr": "Melvin, level 1 required, 75 happiness required"}, "pk": 111, "model": "admin.logentry"}, {"fields": {"content_type": 17, "action_time": "2015-05-07T09:53:10.191Z", "object_id": "7", "user": 3, "change_message": "Added phrase \"IM SO PUMPED\".", "action_flag": 2, "object_repr": "Melvin, level 10 required, 75 happiness required"}, "pk": 112, "model": "admin.logentry"}, {"fields": {"content_type": 12, "action_time": "2015-05-07T10:07:12.090Z", "object_id": "1", "user": 1, "change_message": "Added mood \"TODO\".", "action_flag": 2, "object_repr": "Sir Oinksalot"}, "pk": 113, "model": "admin.logentry"}, {"fields": {"content_type": 12, "action_time": "2015-05-07T10:07:20.473Z", "object_id": "2", "user": 1, "change_message": "Added mood \"TODO\".", "action_flag": 2, "object_repr": "Sheldon"}, "pk": 114, "model": "admin.logentry"}, {"fields": {"content_type": 17, "action_time": "2015-05-07T10:07:35.398Z", "object_id": "9", "user": 1, "change_message": "Added phrase \"TODO\".", "action_flag": 2, "object_repr": "TODO"}, "pk": 115, "model": "admin.logentry"}, {"fields": {"content_type": 17, "action_time": "2015-05-07T10:07:40.495Z", "object_id": "8", "user": 1, "change_message": "Added phrase \"TODO\".", "action_flag": 2, "object_repr": "TODO"}, "pk": 116, "model": "admin.logentry"}, {"fields": {"content_type": 10, "action_time": "2015-05-07T10:32:31.260Z", "object_id": "20", "user": 3, "change_message": "Changed date_created for collected pet \"Melvin: Melv\".", "action_flag": 2, "object_repr": "bridgette@test.com inventory"}, "pk": 117, "model": "admin.logentry"}, {"fields": {"content_type": 10, "action_time": "2015-05-07T10:33:39.810Z", "object_id": "20", "user": 3, "change_message": "Changed date_created for collected pet \"Melvin: Melv\".", "action_flag": 2, "object_repr": "bridgette@test.com inventory"}, "pk": 118, "model": "admin.logentry"}, {"fields": {"content_type": 4, "action_time": "2015-05-07T10:54:42.883Z", "object_id": "26", "user": 1, "change_message": "", "action_flag": 3, "object_repr": "swaggy"}, "pk": 119, "model": "admin.logentry"}, {"fields": {"content_type": 4, "action_time": "2015-05-07T10:55:52.877Z", "object_id": "27", "user": 1, "change_message": "", "action_flag": 3, "object_repr": "swaggy"}, "pk": 120, "model": "admin.logentry"}, {"fields": {"content_type": 4, "action_time": "2015-05-07T10:56:35.615Z", "object_id": "28", "user": 1, "change_message": "", "action_flag": 3, "object_repr": "swaggy"}, "pk": 121, "model": "admin.logentry"}, {"fields": {"content_type": 4, "action_time": "2015-05-07T10:57:50.328Z", "object_id": "29", "user": 1, "change_message": "", "action_flag": 3, "object_repr": "swaggy"}, "pk": 122, "model": "admin.logentry"}, {"fields": {"content_type": 12, "action_time": "2015-05-07T11:20:46.010Z", "object_id": "3", "user": 1, "change_message": "Added mood \"Melvin, pet selection profile pic\".", "action_flag": 2, "object_repr": "Melvin"}, "pk": 123, "model": "admin.logentry"}, {"fields": {"content_type": 12, "action_time": "2015-05-07T11:21:54.373Z", "object_id": "2", "user": 1, "change_message": "Added mood \"Sheldon, pet selection profile pic\".", "action_flag": 2, "object_repr": "Sheldon"}, "pk": 124, "model": "admin.logentry"}, {"fields": {"content_type": 12, "action_time": "2015-05-07T11:22:27.944Z", "object_id": "1", "user": 1, "change_message": "Added mood \"Sir Oinksalot, pet selection profile pic\".", "action_flag": 2, "object_repr": "Sir Oinksalot"}, "pk": 125, "model": "admin.logentry"}, {"fields": {"content_type": 12, "action_time": "2015-05-07T11:28:55.867Z", "object_id": "2", "user": 1, "change_message": "Added story \"Story object\".", "action_flag": 2, "object_repr": "Sheldon"}, "pk": 126, "model": "admin.logentry"}, {"fields": {"content_type": 12, "action_time": "2015-05-07T11:29:08.497Z", "object_id": "1", "user": 1, "change_message": "Added story \"Story object\".", "action_flag": 2, "object_repr": "Sir Oinksalot"}, "pk": 127, "model": "admin.logentry"}, {"fields": {"content_type": 12, "action_time": "2015-05-07T11:34:23.379Z", "object_id": "1", "user": 1, "change_message": "No fields changed.", "action_flag": 2, "object_repr": "Sir Oinksalot"}, "pk": 128, "model": "admin.logentry"}, {"fields": {"content_type": 12, "action_time": "2015-05-07T11:34:45.768Z", "object_id": "3", "user": 1, "change_message": "Changed level_unlocked for story \"Story object\".", "action_flag": 2, "object_repr": "Melvin"}, "pk": 129, "model": "admin.logentry"}, {"fields": {"content_type": 10, "action_time": "2015-05-08T00:05:18.092Z", "object_id": "30", "user": 2, "change_message": "", "action_flag": 3, "object_repr": "DELETE ME"}, "pk": 130, "model": "admin.logentry"}, {"fields": {"content_type": 10, "action_time": "2015-05-08T00:05:18.102Z", "object_id": "29", "user": 2, "change_message": "", "action_flag": 3, "object_repr": "DELETE ME"}, "pk": 131, "model": "admin.logentry"}, {"fields": {"content_type": 10, "action_time": "2015-05-08T00:05:18.108Z", "object_id": "28", "user": 2, "change_message": "", "action_flag": 3, "object_repr": "DELETE ME"}, "pk": 132, "model": "admin.logentry"}, {"fields": {"content_type": 10, "action_time": "2015-05-08T00:05:18.118Z", "object_id": "27", "user": 2, "change_message": "", "action_flag": 3, "object_repr": "DELETE ME"}, "pk": 133, "model": "admin.logentry"}, {"fields": {"content_type": 10, "action_time": "2015-05-08T00:05:31.185Z", "object_id": "19", "user": 2, "change_message": "Added collected pet \"Sir Oinksalot: frank\".", "action_flag": 2, "object_repr": "john@test.com inventory"}, "pk": 134, "model": "admin.logentry"}, {"fields": {"content_type": 4, "action_time": "2015-05-08T03:20:21.712Z", "object_id": "2", "user": 2, "change_message": "Changed current_pet and last_fitbit_sync for profile \"john@test.com profile\".", "action_flag": 2, "object_repr": "john"}, "pk": 135, "model": "admin.logentry"}, {"fields": {"content_type": 4, "action_time": "2015-05-10T02:24:20.101Z", "object_id": "3", "user": 3, "change_message": "Changed last_fitbit_sync for profile \"bridgette@test.com profile\".", "action_flag": 2, "object_repr": "bridgette"}, "pk": 136, "model": "admin.logentry"}, {"fields": {"content_type": 4, "action_time": "2015-05-11T13:54:52.253Z", "object_id": "3", "user": 3, "change_message": "Changed last_fitbit_sync for profile \"bridgette@test.com profile\".", "action_flag": 2, "object_repr": "bridgette"}, "pk": 137, "model": "admin.logentry"}, {"fields": {"content_type": 4, "action_time": "2015-05-11T13:57:58.058Z", "object_id": "3", "user": 3, "change_message": "Changed last_fitbit_sync for profile \"bridgette@test.com profile\".", "action_flag": 2, "object_repr": "bridgette"}, "pk": 138, "model": "admin.logentry"}, {"fields": {"content_type": 4, "action_time": "2015-05-11T13:59:01.959Z", "object_id": "3", "user": 3, "change_message": "Changed last_fitbit_sync for profile \"bridgette@test.com profile\".", "action_flag": 2, "object_repr": "bridgette"}, "pk": 139, "model": "admin.logentry"}, {"fields": {"content_type": 4, "action_time": "2015-05-11T13:59:40.229Z", "object_id": "3", "user": 3, "change_message": "Changed last_fitbit_sync for profile \"bridgette@test.com profile\".", "action_flag": 2, "object_repr": "bridgette"}, "pk": 140, "model": "admin.logentry"}, {"fields": {"content_type": 10, "action_time": "2015-05-11T13:59:56.046Z", "object_id": "20", "user": 3, "change_message": "Changed level for collected pet \"Melvin: Melv\".", "action_flag": 2, "object_repr": "bridgette@test.com inventory"}, "pk": 141, "model": "admin.logentry"}, {"fields": {"content_type": 4, "action_time": "2015-05-11T14:08:07.790Z", "object_id": "3", "user": 3, "change_message": "Changed last_fitbit_sync for profile \"bridgette@test.com profile\".", "action_flag": 2, "object_repr": "bridgette"}, "pk": 142, "model": "admin.logentry"}, {"fields": {"content_type": 10, "action_time": "2015-05-11T14:08:11.750Z", "object_id": "20", "user": 3, "change_message": "Changed level for collected pet \"Melvin: Melv\".", "action_flag": 2, "object_repr": "bridgette@test.com inventory"}, "pk": 143, "model": "admin.logentry"}, {"fields": {"content_type": 4, "action_time": "2015-05-11T14:09:11.588Z", "object_id": "3", "user": 3, "change_message": "No fields changed.", "action_flag": 2, "object_repr": "bridgette"}, "pk": 144, "model": "admin.logentry"}, {"fields": {"content_type": 10, "action_time": "2015-05-11T14:09:29.008Z", "object_id": "20", "user": 3, "change_message": "Changed level for collected pet \"Melvin: Melv\".", "action_flag": 2, "object_repr": "bridgette@test.com inventory"}, "pk": 145, "model": "admin.logentry"}, {"fields": {"content_type": 10, "action_time": "2015-05-11T14:14:54.712Z", "object_id": "20", "user": 3, "change_message": "Changed level for collected pet \"Melvin: Melv\".", "action_flag": 2, "object_repr": "bridgette@test.com inventory"}, "pk": 146, "model": "admin.logentry"}, {"fields": {"content_type": 4, "action_time": "2015-05-11T14:15:04.733Z", "object_id": "3", "user": 3, "change_message": "Changed last_fitbit_sync for profile \"bridgette@test.com profile\".", "action_flag": 2, "object_repr": "bridgette"}, "pk": 147, "model": "admin.logentry"}, {"fields": {"content_type": 12, "action_time": "2015-05-11T14:18:26.838Z", "object_id": "3", "user": 3, "change_message": "Added story \"Story object\".", "action_flag": 2, "object_repr": "Melvin"}, "pk": 148, "model": "admin.logentry"}, {"fields": {"content_type": 12, "action_time": "2015-05-11T14:18:44.906Z", "object_id": "3", "user": 3, "change_message": "Added story \"Story object\".", "action_flag": 2, "object_repr": "Melvin"}, "pk": 149, "model": "admin.logentry"}, {"fields": {"content_type": 10, "action_time": "2015-05-11T14:20:17.720Z", "object_id": "20", "user": 3, "change_message": "Changed level for collected pet \"Melvin: Melv\".", "action_flag": 2, "object_repr": "bridgette@test.com inventory"}, "pk": 150, "model": "admin.logentry"}, {"fields": {"content_type": 4, "action_time": "2015-05-11T14:20:26.986Z", "object_id": "3", "user": 3, "change_message": "Changed last_fitbit_sync for profile \"bridgette@test.com profile\".", "action_flag": 2, "object_repr": "bridgette"}, "pk": 151, "model": "admin.logentry"}, {"fields": {"content_type": 10, "action_time": "2015-05-11T14:21:06.294Z", "object_id": "20", "user": 3, "change_message": "Changed level for collected pet \"Melvin: Melv\".", "action_flag": 2, "object_repr": "bridgette@test.com inventory"}, "pk": 152, "model": "admin.logentry"}, {"fields": {"content_type": 4, "action_time": "2015-05-11T14:21:19.067Z", "object_id": "3", "user": 3, "change_message": "Changed last_fitbit_sync for profile \"bridgette@test.com profile\".", "action_flag": 2, "object_repr": "bridgette"}, "pk": 153, "model": "admin.logentry"}, {"fields": {"content_type": 10, "action_time": "2015-05-11T14:31:11.551Z", "object_id": "20", "user": 3, "change_message": "Changed level for collected pet \"Melvin: Melv\".", "action_flag": 2, "object_repr": "bridgette@test.com inventory"}, "pk": 154, "model": "admin.logentry"}, {"fields": {"content_type": 4, "action_time": "2015-05-11T14:31:21.147Z", "object_id": "3", "user": 3, "change_message": "Changed last_fitbit_sync for profile \"bridgette@test.com profile\".", "action_flag": 2, "object_repr": "bridgette"}, "pk": 155, "model": "admin.logentry"}, {"fields": {"content_type": 10, "action_time": "2015-05-11T14:34:47.259Z", "object_id": "20", "user": 3, "change_message": "Changed level for collected pet \"Melvin: Melv\".", "action_flag": 2, "object_repr": "bridgette@test.com inventory"}, "pk": 156, "model": "admin.logentry"}, {"fields": {"content_type": 4, "action_time": "2015-05-11T14:35:38.841Z", "object_id": "3", "user": 3, "change_message": "Changed last_fitbit_sync for profile \"bridgette@test.com profile\".", "action_flag": 2, "object_repr": "bridgette"}, "pk": 157, "model": "admin.logentry"}, {"fields": {"content_type": 10, "action_time": "2015-05-11T14:35:44.331Z", "object_id": "20", "user": 3, "change_message": "No fields changed.", "action_flag": 2, "object_repr": "bridgette@test.com inventory"}, "pk": 158, "model": "admin.logentry"}, {"fields": {"content_type": 10, "action_time": "2015-05-11T14:36:29.845Z", "object_id": "20", "user": 3, "change_message": "Changed level for collected pet \"Melvin: Melv\".", "action_flag": 2, "object_repr": "bridgette@test.com inventory"}, "pk": 159, "model": "admin.logentry"}, {"fields": {"content_type": 4, "action_time": "2015-05-11T14:36:42.045Z", "object_id": "3", "user": 3, "change_message": "Changed last_fitbit_sync for profile \"bridgette@test.com profile\".", "action_flag": 2, "object_repr": "bridgette"}, "pk": 160, "model": "admin.logentry"}, {"fields": {"content_type": 10, "action_time": "2015-05-11T14:38:21.349Z", "object_id": "20", "user": 3, "change_message": "Changed level for collected pet \"Melvin: Melv\".", "action_flag": 2, "object_repr": "bridgette@test.com inventory"}, "pk": 161, "model": "admin.logentry"}, {"fields": {"content_type": 4, "action_time": "2015-05-11T14:38:29.697Z", "object_id": "3", "user": 3, "change_message": "Changed last_fitbit_sync for profile \"bridgette@test.com profile\".", "action_flag": 2, "object_repr": "bridgette"}, "pk": 162, "model": "admin.logentry"}, {"fields": {"content_type": 10, "action_time": "2015-05-11T14:39:55.814Z", "object_id": "20", "user": 3, "change_message": "Changed level for collected pet \"Melvin: Melv\".", "action_flag": 2, "object_repr": "bridgette@test.com inventory"}, "pk": 163, "model": "admin.logentry"}, {"fields": {"content_type": 4, "action_time": "2015-05-11T14:40:03.222Z", "object_id": "3", "user": 3, "change_message": "Changed last_fitbit_sync for profile \"bridgette@test.com profile\".", "action_flag": 2, "object_repr": "bridgette"}, "pk": 164, "model": "admin.logentry"}, {"fields": {"content_type": 10, "action_time": "2015-05-11T14:41:06.178Z", "object_id": "20", "user": 3, "change_message": "Changed level for collected pet \"Melvin: Melv\".", "action_flag": 2, "object_repr": "bridgette@test.com inventory"}, "pk": 165, "model": "admin.logentry"}, {"fields": {"content_type": 4, "action_time": "2015-05-11T14:41:13.610Z", "object_id": "3", "user": 3, "change_message": "No fields changed.", "action_flag": 2, "object_repr": "bridgette"}, "pk": 166, "model": "admin.logentry"}, {"fields": {"content_type": 4, "action_time": "2015-05-11T14:43:03.614Z", "object_id": "3", "user": 3, "change_message": "No fields changed.", "action_flag": 2, "object_repr": "bridgette"}, "pk": 167, "model": "admin.logentry"}, {"fields": {"content_type": 10, "action_time": "2015-05-11T14:43:09.294Z", "object_id": "20", "user": 3, "change_message": "Changed level for collected pet \"Melvin: Melv\".", "action_flag": 2, "object_repr": "bridgette@test.com inventory"}, "pk": 168, "model": "admin.logentry"}, {"fields": {"content_type": 10, "action_time": "2015-05-11T14:44:30.387Z", "object_id": "20", "user": 3, "change_message": "Changed level for collected pet \"Melvin: Melv\".", "action_flag": 2, "object_repr": "bridgette@test.com inventory"}, "pk": 169, "model": "admin.logentry"}, {"fields": {"content_type": 4, "action_time": "2015-05-11T14:44:32.998Z", "object_id": "3", "user": 3, "change_message": "Changed last_fitbit_sync for profile \"bridgette@test.com profile\".", "action_flag": 2, "object_repr": "bridgette"}, "pk": 170, "model": "admin.logentry"}, {"fields": {"content_type": 4, "action_time": "2015-05-11T14:44:54.352Z", "object_id": "3", "user": 3, "change_message": "Changed last_fitbit_sync for profile \"bridgette@test.com profile\".", "action_flag": 2, "object_repr": "bridgette"}, "pk": 171, "model": "admin.logentry"}, {"fields": {"content_type": 10, "action_time": "2015-05-11T14:44:55.920Z", "object_id": "20", "user": 3, "change_message": "Changed level for collected pet \"Melvin: Melv\".", "action_flag": 2, "object_repr": "bridgette@test.com inventory"}, "pk": 172, "model": "admin.logentry"}, {"fields": {"content_type": 10, "action_time": "2015-05-11T14:48:13.110Z", "object_id": "20", "user": 3, "change_message": "Changed level for collected pet \"Melvin: Melv\".", "action_flag": 2, "object_repr": "bridgette@test.com inventory"}, "pk": 173, "model": "admin.logentry"}, {"fields": {"content_type": 4, "action_time": "2015-05-11T14:48:15.244Z", "object_id": "3", "user": 3, "change_message": "Changed last_fitbit_sync for profile \"bridgette@test.com profile\".", "action_flag": 2, "object_repr": "bridgette"}, "pk": 174, "model": "admin.logentry"}, {"fields": {"content_type": 4, "action_time": "2015-05-11T14:48:56.224Z", "object_id": "3", "user": 3, "change_message": "Changed last_fitbit_sync for profile \"bridgette@test.com profile\".", "action_flag": 2, "object_repr": "bridgette"}, "pk": 175, "model": "admin.logentry"}, {"fields": {"content_type": 10, "action_time": "2015-05-11T14:48:58.080Z", "object_id": "20", "user": 3, "change_message": "Changed level for collected pet \"Melvin: Melv\".", "action_flag": 2, "object_repr": "bridgette@test.com inventory"}, "pk": 176, "model": "admin.logentry"}]